name,id,optaId,teamId,teamName,isGoalkeeper,stats,shirtNumber,positionId,usualPosition,matchId,matchRound,homeTeamName,homeTeamid,awayTeamName,awayTeamid,matchDate,home_goals,away_goals,FotMob_rating,Minutes_played,Goals,Assists,Total_shots,Accurate_passes_value,Accurate_passes_total,Chances_created,Expected_assists_xA,xG_plus_xA,Fantasy_points,Defensive_actions,touches,touches_opp_box,passes_into_final_third,accurate_crosses_value,accurate_crosses_total,long_balls_accurate_value,long_balls_accurate_total,dispossessed,tackles_succeeded_value,tackles_succeeded_total,shot_blocks,clearances,headed_clearance,interceptions,recoveries,dribbled_past,duel_won,duel_lost,ground_duels_won_value,ground_duels_won_total,aerials_won_value,aerials_won_total,fouls_received,fouls_committed
Fernando Tobio,115671,55843,213534,Barracas Central,False,"[{'title': 'Top stats', 'key': 'top_stats', 'stats': {'FotMob rating': {'key': 'rating_title', 'stat': {'value': 7.15, 'type': 'double'}}, 'Minutes played': {'key': 'minutes_played', 'stat': {'value': 90, 'type': 'integer'}}, 'Goals': {'key': 'goals', 'stat': {'value': 0, 'type': 'integer'}}, 'Assists': {'key': 'assists', 'stat': {'value': 0, 'type': 'integer'}}, 'Accurate passes': {'key': 'accurate_passes', 'stat': {'value': 26, 'total': 29, 'type': 'fractionWithPercentage'}}, 'Chances created': {'key': 'chances_created', 'stat': {'value': 0, 'type': 'integer'}}, 'Shots on target': {'key': 'ShotsOnTarget', 'stat': {'value': 0, 'type': 'integer'}}, 'Shots off target': {'key': 'ShotsOffTarget', 'stat': {'value': 0, 'type': 'integer'}}, 'Blocked shots': {'key': 'blocked_shots', 'stat': {'value': 1, 'type': 'integer'}}, 'Shotmap': {'key': None, 'stat': {'value': 1, 'type': 'boolean'}}, 'Defensive actions': {'key': 'defensive_actions', 'stat': {'value': 9, 'type': 'integer'}}}}, {'title': 'Attack', 'key': 'attack', 'stats': {'Big chances missed': {'key': 'big_chance_missed_title', 'stat': {'value': 1, 'type': 'integer'}}, 'Touches': {'key': 'touches', 'stat': {'value': 41, 'type': 'integer'}}, 'Touches in opposition box': {'key': 'touches_opp_box', 'stat': {'value': 1, 'type': 'integer'}}, 'Passes into final third': {'key': 'passes_into_final_third', 'stat': {'value': 2, 'type': 'integer'}}, 'Accurate long balls': {'key': 'long_balls_accurate', 'stat': {'value': 3, 'total': 5, 'type': 'fractionWithPercentage'}}, 'Dispossessed': {'key': 'dispossessed', 'stat': {'value': 0, 'type': 'integer'}}}}, {'title': 'Defense', 'key': 'defense', 'stats': {'Defensive actions': {'key': 'defensive_actions', 'stat': {'value': 9, 'type': 'integer'}}, 'Tackles': {'key': 'matchstats.headers.tackles', 'stat': {'value': 3, 'type': 'integer'}}, 'Blocks': {'key': 'shot_blocks', 'stat': {'value': 0, 'type': 'integer'}}, 'Clearances': {'key': 'clearances', 'stat': {'value': 6, 'type': 'integer'}}, 'Headed clearance': {'key': 'headed_clearance', 'stat': {'value': 3, 'type': 'integer'}}, 'Interceptions': {'key': 'interceptions', 'stat': {'value': 0, 'type': 'integer'}}, 'Recoveries': {'key': 'recoveries', 'stat': {'value': 1, 'type': 'integer'}}, 'Dribbled past': {'key': 'dribbled_past', 'stat': {'value': 0, 'type': 'integer'}}}}, {'title': 'Duels', 'key': 'duels', 'stats': {'Ground duels won': {'key': 'ground_duels_won', 'stat': {'value': 3, 'total': 4, 'type': 'fractionWithPercentage'}}, 'Aerial duels won': {'key': 'aerials_won', 'stat': {'value': 0, 'total': 0, 'type': 'fractionWithPercentage'}}, 'Was fouled': {'key': 'was_fouled', 'stat': {'type': 'integer'}}, 'Fouls committed': {'key': 'fouls', 'stat': {'value': 1, 'type': 'integer'}}, 'Duels won': {'key': 'duel_won', 'stat': {'value': 3, 'type': 'integer'}, 'hideInPopupCard': True}, 'Duels lost': {'key': 'duel_lost', 'stat': {'value': 1, 'type': 'integer'}, 'hideInPopupCard': True}}}]",32,35,1,5261432,1,Barracas Central,213534,Vasco da Gama,10276,2026-04-07T22:00:00.000Z,0,0,7.15,90.0,0.0,0.0,,26.0,29.0,0.0,,,,9.0,41.0,1.0,2.0,,,3.0,5.0,0.0,,,0.0,6.0,3.0,0.0,1.0,0.0,3.0,1.0,3.0,4.0,0.0,0.0,,1.0
Dardo Federico Miloc,182159,67885,213534,Barracas Central,False,"[{'title': 'Top stats', 'key': 'top_stats', 'stats': {'FotMob rating': {'key': 'rating_title', 'stat': {'value': 6.76, 'type': 'double'}}, 'Minutes played': {'key': 'minutes_played', 'stat': {'value': 90, 'type': 'integer'}}, 'Goals': {'key': 'goals', 'stat': {'value': 0, 'type': 'integer'}}, 'Assists': {'key': 'assists', 'stat': {'value': 0, 'type': 'integer'}}, 'Accurate passes': {'key': 'accurate_passes', 'stat': {'value': 29, 'total': 35, 'type': 'fractionWithPercentage'}}, 'Chances created': {'key': 'chances_created', 'stat': {'value': 0, 'type': 'integer'}}, 'Shotmap': {'key': None, 'stat': {'value': 0, 'type': 'boolean'}}, 'Defensive actions': {'key': 'defensive_actions', 'stat': {'value': 5, 'type': 'integer'}}}}, {'title': 'Attack', 'key': 'attack', 'stats': {'Touches': {'key': 'touches', 'stat': {'value': 43, 'type': 'integer'}}, 'Touches in opposition box': {'key': 'touches_opp_box', 'stat': {'value': 0, 'type': 'integer'}}, 'Passes into final third': {'key': 'passes_into_final_third', 'stat': {'value': 2, 'type': 'integer'}}, 'Accurate long balls': {'key': 'long_balls_accurate', 'stat': {'value': 1, 'total': 2, 'type': 'fractionWithPercentage'}}, 'Dispossessed': {'key': 'dispossessed', 'stat': {'value': 0, 'type': 'integer'}}}}, {'title': 'Defense', 'key': 'defense', 'stats': {'Defensive actions': {'key': 'defensive_actions', 'stat': {'value': 5, 'type': 'integer'}}, 'Tackles': {'key': 'matchstats.headers.tackles', 'stat': {'value': 1, 'type': 'integer'}}, 'Blocks': {'key': 'shot_blocks', 'stat': {'value': 0, 'type': 'integer'}}, 'Clearances': {'key': 'clearances', 'stat': {'value': 3, 'type': 'integer'}}, 'Headed clearance': {'key': 'headed_clearance', 'stat': {'value': 1, 'type': 'integer'}}, 'Interceptions': {'key': 'interceptions', 'stat': {'value': 1, 'type': 'integer'}}, 'Recoveries': {'key': 'recoveries', 'stat': {'value': 5, 'type': 'integer'}}, 'Dribbled past': {'key': 'dribbled_past', 'stat': {'value': 2, 'type': 'integer'}}}}, {'title': 'Duels', 'key': 'duels', 'stats': {'Ground duels won': {'key': 'ground_duels_won', 'stat': {'value': 1, 'total': 4, 'type': 'fractionWithPercentage'}}, 'Aerial duels won': {'key': 'aerials_won', 'stat': {'value': 2, 'total': 2, 'type': 'fractionWithPercentage'}}, 'Was fouled': {'key': 'was_fouled', 'stat': {'type': 'integer'}}, 'Fouls committed': {'key': 'fouls', 'stat': {'value': 1, 'type': 'integer'}}, 'Duels won': {'key': 'duel_won', 'stat': {'value': 3, 'type': 'integer'}, 'hideInPopupCard': True}, 'Duels lost': {'key': 'duel_lost', 'stat': {'value': 3, 'type': 'integer'}, 'hideInPopupCard': True}}}]",5,75,2,5261432,1,Barracas Central,213534,Vasco da Gama,10276,2026-04-07T22:00:00.000Z,0,0,6.76,90.0,0.0,0.0,,29.0,35.0,0.0,,,,5.0,43.0,0.0,2.0,,,1.0,2.0,0.0,,,0.0,3.0,1.0,1.0,5.0,2.0,3.0,3.0,1.0,4.0,2.0,2.0,,1.0
Yeison Gordillo,206973,150104,213534,Barracas Central,False,[],25,,2,5261432,1,Barracas Central,213534,Vasco da Gama,10276,2026-04-07T22:00:00.000Z,0,0,,,,,,,,,,,,,,,,,,,,,,,,,,,,,,,,,,,,
Damián Martínez,306504,60637,213534,Barracas Central,False,"[{'title': 'Top stats', 'key': 'top_stats', 'stats': {'FotMob rating': {'key': 'rating_title', 'stat': {'value': 7.22, 'type': 'double'}}, 'Minutes played': {'key': 'minutes_played', 'stat': {'value': 89, 'type': 'integer'}}, 'Goals': {'key': 'goals', 'stat': {'value': 0, 'type': 'integer'}}, 'Assists': {'key': 'assists', 'stat': {'value': 0, 'type': 'integer'}}, 'Accurate passes': {'key': 'accurate_passes', 'stat': {'value': 13, 'total': 17, 'type': 'fractionWithPercentage'}}, 'Chances created': {'key': 'chances_created', 'stat': {'value': 0, 'type': 'integer'}}, 'Shots on target': {'key': 'ShotsOnTarget', 'stat': {'value': 1, 'type': 'integer'}}, 'Shots off target': {'key': 'ShotsOffTarget', 'stat': {'value': 0, 'type': 'integer'}}, 'Blocked shots': {'key': 'blocked_shots', 'stat': {'value': 1, 'type': 'integer'}}, 'Shot accuracy': {'key': 'shot_accuracy', 'stat': {'value': 1, 'total': 1, 'type': 'fractionWithPercentage'}}, 'Shotmap': {'key': None, 'stat': {'value': 1, 'type': 'boolean'}}, 'Defensive actions': {'key': 'defensive_actions', 'stat': {'value': 6, 'type': 'integer'}}}}, {'title': 'Attack', 'key': 'attack', 'stats': {'Touches': {'key': 'touches', 'stat': {'value': 36, 'type': 'integer'}}, 'Touches in opposition box': {'key': 'touches_opp_box', 'stat': {'value': 1, 'type': 'integer'}}, 'Successful dribbles': {'key': 'dribbles_succeeded', 'stat': {'value': 1, 'total': 3, 'type': 'fractionWithPercentage'}}, 'Passes into final third': {'key': 'passes_into_final_third', 'stat': {'value': 7, 'type': 'integer'}}, 'Accurate crosses': {'key': 'accurate_crosses', 'stat': {'value': 0, 'total': 1, 'type': 'fractionWithPercentage'}}, 'Accurate long balls': {'key': 'long_balls_accurate', 'stat': {'value': 1, 'total': 2, 'type': 'fractionWithPercentage'}}, 'Dispossessed': {'key': 'dispossessed', 'stat': {'value': 0, 'type': 'integer'}}}}, {'title': 'Defense', 'key': 'defense', 'stats': {'Defensive actions': {'key': 'defensive_actions', 'stat': {'value': 6, 'type': 'integer'}}, 'Tackles': {'key': 'matchstats.headers.tackles', 'stat': {'value': 2, 'type': 'integer'}}, 'Blocks': {'key': 'shot_blocks', 'stat': {'value': 1, 'type': 'integer'}}, 'Clearances': {'key': 'clearances', 'stat': {'value': 3, 'type': 'integer'}}, 'Headed clearance': {'key': 'headed_clearance', 'stat': {'value': 2, 'type': 'integer'}}, 'Interceptions': {'key': 'interceptions', 'stat': {'value': 0, 'type': 'integer'}}, 'Recoveries': {'key': 'recoveries', 'stat': {'value': 3, 'type': 'integer'}}, 'Dribbled past': {'key': 'dribbled_past', 'stat': {'value': 0, 'type': 'integer'}}}}, {'title': 'Duels', 'key': 'duels', 'stats': {'Ground duels won': {'key': 'ground_duels_won', 'stat': {'value': 3, 'total': 5, 'type': 'fractionWithPercentage'}}, 'Aerial duels won': {'key': 'aerials_won', 'stat': {'value': 1, 'total': 2, 'type': 'fractionWithPercentage'}}, 'Was fouled': {'key': 'was_fouled', 'stat': {'type': 'integer'}}, 'Fouls committed': {'key': 'fouls', 'stat': {'value': 0, 'type': 'integer'}}, 'Duels won': {'key': 'duel_won', 'stat': {'value': 4, 'type': 'integer'}, 'hideInPopupCard': True}, 'Duels lost': {'key': 'duel_lost', 'stat': {'value': 3, 'type': 'integer'}, 'hideInPopupCard': True}}}]",4,51,1,5261432,1,Barracas Central,213534,Vasco da Gama,10276,2026-04-07T22:00:00.000Z,0,0,7.22,89.0,0.0,0.0,,13.0,17.0,0.0,,,,6.0,36.0,1.0,7.0,0.0,1.0,1.0,2.0,0.0,,,1.0,3.0,2.0,0.0,3.0,0.0,4.0,3.0,3.0,5.0,1.0,2.0,,0.0
Gastón Campi,489072,171185,213534,Barracas Central,False,[],37,,1,5261432,1,Barracas Central,213534,Vasco da Gama,10276,2026-04-07T22:00:00.000Z,0,0,,,,,,,,,,,,,,,,,,,,,,,,,,,,,,,,,,,,
Yonatthan Rak,495383,168897,213534,Barracas Central,False,[],15,,1,5261432,1,Barracas Central,213534,Vasco da Gama,10276,2026-04-07T22:00:00.000Z,0,0,,,,,,,,,,,,,,,,,,,,,,,,,,,,,,,,,,,,
Rafael Barrios,529092,194331,213534,Barracas Central,False,"[{'title': 'Top stats', 'key': 'top_stats', 'stats': {'Minutes played': {'key': 'minutes_played', 'stat': {'value': 1, 'type': 'integer'}}, 'Goals': {'key': 'goals', 'stat': {'value': 0, 'type': 'integer'}}, 'Assists': {'key': 'assists', 'stat': {'value': 0, 'type': 'integer'}}, 'Accurate passes': {'key': 'accurate_passes', 'stat': {'value': 0, 'total': 0, 'type': 'fractionWithPercentage'}}, 'Chances created': {'key': 'chances_created', 'stat': {'value': 0, 'type': 'integer'}}, 'Shotmap': {'key': None, 'stat': {'value': 0, 'type': 'boolean'}}, 'Defensive actions': {'key': 'defensive_actions', 'stat': {'value': 1, 'type': 'integer'}}}}, {'title': 'Attack', 'key': 'attack', 'stats': {'Touches': {'key': 'touches', 'stat': {'value': 1, 'type': 'integer'}}, 'Touches in opposition box': {'key': 'touches_opp_box', 'stat': {'value': 0, 'type': 'integer'}}, 'Dispossessed': {'key': 'dispossessed', 'stat': {'value': 0, 'type': 'integer'}}}}, {'title': 'Defense', 'key': 'defense', 'stats': {'Defensive actions': {'key': 'defensive_actions', 'stat': {'value': 1, 'type': 'integer'}}, 'Tackles': {'key': 'matchstats.headers.tackles', 'stat': {'value': 0, 'type': 'integer'}}, 'Blocks': {'key': 'shot_blocks', 'stat': {'value': 0, 'type': 'integer'}}, 'Clearances': {'key': 'clearances', 'stat': {'value': 1, 'type': 'integer'}}, 'Interceptions': {'key': 'interceptions', 'stat': {'value': 0, 'type': 'integer'}}, 'Recoveries': {'key': 'recoveries', 'stat': {'value': 0, 'type': 'integer'}}, 'Dribbled past': {'key': 'dribbled_past', 'stat': {'value': 1, 'type': 'integer'}}}}, {'title': 'Duels', 'key': 'duels', 'stats': {'Ground duels won': {'key': 'ground_duels_won', 'stat': {'value': 0, 'total': 1, 'type': 'fractionWithPercentage'}}, 'Aerial duels won': {'key': 'aerials_won', 'stat': {'value': 0, 'total': 0, 'type': 'fractionWithPercentage'}}, 'Was fouled': {'key': 'was_fouled', 'stat': {'type': 'integer'}}, 'Fouls committed': {'key': 'fouls', 'stat': {'value': 0, 'type': 'integer'}}, 'Duels lost': {'key': 'duel_lost', 'stat': {'value': 1, 'type': 'integer'}, 'hideInPopupCard': True}}}]",13,,1,5261432,1,Barracas Central,213534,Vasco da Gama,10276,2026-04-07T22:00:00.000Z,0,0,,1.0,0.0,0.0,,0.0,0.0,0.0,,,,1.0,1.0,0.0,,,,,,0.0,,,0.0,1.0,,0.0,0.0,1.0,,1.0,0.0,1.0,0.0,0.0,,0.0
Rodrigo Bogarín,618807,204942,213534,Barracas Central,False,[],28,,2,5261432,1,Barracas Central,213534,Vasco da Gama,10276,2026-04-07T22:00:00.000Z,0,0,,,,,,,,,,,,,,,,,,,,,,,,,,,,,,,,,,,,
Jhonatan Candia,745206,158539,213534,Barracas Central,False,"[{'title': 'Top stats', 'key': 'top_stats', 'stats': {'FotMob rating': {'key': 'rating_title', 'stat': {'value': 6.83, 'type': 'double'}}, 'Minutes played': {'key': 'minutes_played', 'stat': {'value': 82, 'type': 'integer'}}, 'Goals': {'key': 'goals', 'stat': {'value': 0, 'type': 'integer'}}, 'Assists': {'key': 'assists', 'stat': {'value': 0, 'type': 'integer'}}, 'Accurate passes': {'key': 'accurate_passes', 'stat': {'value': 13, 'total': 24, 'type': 'fractionWithPercentage'}}, 'Chances created': {'key': 'chances_created', 'stat': {'value': 1, 'type': 'integer'}}, 'Shots on target': {'key': 'ShotsOnTarget', 'stat': {'value': 0, 'type': 'integer'}}, 'Shots off target': {'key': 'ShotsOffTarget', 'stat': {'value': 0, 'type': 'integer'}}, 'Blocked shots': {'key': 'blocked_shots', 'stat': {'value': 1, 'type': 'integer'}}, 'Shotmap': {'key': None, 'stat': {'value': 1, 'type': 'boolean'}}, 'Defensive actions': {'key': 'defensive_actions', 'stat': {'value': 0, 'type': 'integer'}}}}, {'title': 'Attack', 'key': 'attack', 'stats': {'Touches': {'key': 'touches', 'stat': {'value': 43, 'type': 'integer'}}, 'Touches in opposition box': {'key': 'touches_opp_box', 'stat': {'value': 6, 'type': 'integer'}}, 'Successful dribbles': {'key': 'dribbles_succeeded', 'stat': {'value': 2, 'total': 3, 'type': 'fractionWithPercentage'}}, 'Passes into final third': {'key': 'passes_into_final_third', 'stat': {'value': 2, 'type': 'integer'}}, 'Accurate crosses': {'key': 'accurate_crosses', 'stat': {'value': 0, 'total': 2, 'type': 'fractionWithPercentage'}}, 'Accurate long balls': {'key': 'long_balls_accurate', 'stat': {'value': 1, 'total': 1, 'type': 'fractionWithPercentage'}}, 'Dispossessed': {'key': 'dispossessed', 'stat': {'value': 2, 'type': 'integer'}}}}, {'title': 'Defense', 'key': 'defense', 'stats': {'Defensive actions': {'key': 'defensive_actions', 'stat': {'value': 0, 'type': 'integer'}}, 'Tackles': {'key': 'matchstats.headers.tackles', 'stat': {'value': 0, 'type': 'integer'}}, 'Blocks': {'key': 'shot_blocks', 'stat': {'value': 0, 'type': 'integer'}}, 'Clearances': {'key': 'clearances', 'stat': {'value': 0, 'type': 'integer'}}, 'Interceptions': {'key': 'interceptions', 'stat': {'value': 0, 'type': 'integer'}}, 'Recoveries': {'key': 'recoveries', 'stat': {'value': 4, 'type': 'integer'}}, 'Dribbled past': {'key': 'dribbled_past', 'stat': {'value': 0, 'type': 'integer'}}}}, {'title': 'Duels', 'key': 'duels', 'stats': {'Ground duels won': {'key': 'ground_duels_won', 'stat': {'value': 4, 'total': 8, 'type': 'fractionWithPercentage'}}, 'Aerial duels won': {'key': 'aerials_won', 'stat': {'value': 8, 'total': 11, 'type': 'fractionWithPercentage'}}, 'Was fouled': {'key': 'was_fouled', 'stat': {'value': 2, 'type': 'integer'}}, 'Fouls committed': {'key': 'fouls', 'stat': {'value': 1, 'type': 'integer'}}, 'Duels won': {'key': 'duel_won', 'stat': {'value': 12, 'type': 'integer'}, 'hideInPopupCard': True}, 'Duels lost': {'key': 'duel_lost', 'stat': {'value': 7, 'type': 'integer'}, 'hideInPopupCard': True}}}]",20,106,3,5261432,1,Barracas Central,213534,Vasco da Gama,10276,2026-04-07T22:00:00.000Z,0,0,6.83,82.0,0.0,0.0,,13.0,24.0,1.0,,,,0.0,43.0,6.0,2.0,0.0,2.0,1.0,1.0,2.0,,,0.0,0.0,,0.0,4.0,0.0,12.0,7.0,4.0,8.0,8.0,11.0,2.0,1.0
Gonzalo Maroni,751138,215234,213534,Barracas Central,False,"[{'title': 'Top stats', 'key': 'top_stats', 'stats': {'Minutes played': {'key': 'minutes_played', 'stat': {'value': 8, 'type': 'integer'}}, 'Goals': {'key': 'goals', 'stat': {'value': 0, 'type': 'integer'}}, 'Assists': {'key': 'assists', 'stat': {'value': 0, 'type': 'integer'}}, 'Accurate passes': {'key': 'accurate_passes', 'stat': {'value': 3, 'total': 5, 'type': 'fractionWithPercentage'}}, 'Chances created': {'key': 'chances_created', 'stat': {'value': 0, 'type': 'integer'}}, 'Shotmap': {'key': None, 'stat': {'value': 0, 'type': 'boolean'}}, 'Defensive actions': {'key': 'defensive_actions', 'stat': {'value': 0, 'type': 'integer'}}}}, {'title': 'Attack', 'key': 'attack', 'stats': {'Touches': {'key': 'touches', 'stat': {'value': 8, 'type': 'integer'}}, 'Touches in opposition box': {'key': 'touches_opp_box', 'stat': {'value': 0, 'type': 'integer'}}, 'Passes into final third': {'key': 'passes_into_final_third', 'stat': {'value': 2, 'type': 'integer'}}, 'Accurate crosses': {'key': 'accurate_crosses', 'stat': {'value': 0, 'total': 1, 'type': 'fractionWithPercentage'}}, 'Accurate long balls': {'key': 'long_balls_accurate', 'stat': {'value': 0, 'total': 1, 'type': 'fractionWithPercentage'}}, 'Dispossessed': {'key': 'dispossessed', 'stat': {'value': 0, 'type': 'integer'}}}}, {'title': 'Defense', 'key': 'defense', 'stats': {'Defensive actions': {'key': 'defensive_actions', 'stat': {'value': 0, 'type': 'integer'}}, 'Tackles': {'key': 'matchstats.headers.tackles', 'stat': {'value': 0, 'type': 'integer'}}, 'Blocks': {'key': 'shot_blocks', 'stat': {'value': 0, 'type': 'integer'}}, 'Clearances': {'key': 'clearances', 'stat': {'value': 0, 'type': 'integer'}}, 'Interceptions': {'key': 'interceptions', 'stat': {'value': 0, 'type': 'integer'}}, 'Recoveries': {'key': 'recoveries', 'stat': {'value': 0, 'type': 'integer'}}, 'Dribbled past': {'key': 'dribbled_past', 'stat': {'value': 0, 'type': 'integer'}}}}, {'title': 'Duels', 'key': 'duels', 'stats': {'Aerial duels won': {'key': 'aerials_won', 'stat': {'value': 0, 'total': 0, 'type': 'fractionWithPercentage'}}, 'Was fouled': {'key': 'was_fouled', 'stat': {'type': 'integer'}}, 'Fouls committed': {'key': 'fouls', 'stat': {'value': 0, 'type': 'integer'}}}}]",33,,2,5261432,1,Barracas Central,213534,Vasco da Gama,10276,2026-04-07T22:00:00.000Z,0,0,,8.0,0.0,0.0,,3.0,5.0,0.0,,,,0.0,8.0,0.0,2.0,0.0,1.0,0.0,1.0,0.0,,,0.0,0.0,,0.0,0.0,0.0,,,,,0.0,0.0,,0.0
Norberto Briasco,788656,230357,213534,Barracas Central,False,"[{'title': 'Top stats', 'key': 'top_stats', 'stats': {'FotMob rating': {'key': 'rating_title', 'stat': {'value': 6.85, 'type': 'double'}}, 'Minutes played': {'key': 'minutes_played', 'stat': {'value': 45, 'type': 'integer'}}, 'Goals': {'key': 'goals', 'stat': {'value': 0, 'type': 'integer'}}, 'Assists': {'key': 'assists', 'stat': {'value': 0, 'type': 'integer'}}, 'Accurate passes': {'key': 'accurate_passes', 'stat': {'value': 11, 'total': 14, 'type': 'fractionWithPercentage'}}, 'Chances created': {'key': 'chances_created', 'stat': {'value': 0, 'type': 'integer'}}, 'Shots on target': {'key': 'ShotsOnTarget', 'stat': {'value': 1, 'type': 'integer'}}, 'Shots off target': {'key': 'ShotsOffTarget', 'stat': {'value': 0, 'type': 'integer'}}, 'Shot accuracy': {'key': 'shot_accuracy', 'stat': {'value': 1, 'total': 1, 'type': 'fractionWithPercentage'}}, 'Shotmap': {'key': None, 'stat': {'value': 1, 'type': 'boolean'}}, 'Defensive actions': {'key': 'defensive_actions', 'stat': {'value': 0, 'type': 'integer'}}}}, {'title': 'Attack', 'key': 'attack', 'stats': {'Touches': {'key': 'touches', 'stat': {'value': 23, 'type': 'integer'}}, 'Touches in opposition box': {'key': 'touches_opp_box', 'stat': {'value': 1, 'type': 'integer'}}, 'Successful dribbles': {'key': 'dribbles_succeeded', 'stat': {'value': 1, 'total': 1, 'type': 'fractionWithPercentage'}}, 'Accurate crosses': {'key': 'accurate_crosses', 'stat': {'value': 1, 'total': 2, 'type': 'fractionWithPercentage'}}, 'Accurate long balls': {'key': 'long_balls_accurate', 'stat': {'value': 1, 'total': 1, 'type': 'fractionWithPercentage'}}, 'Dispossessed': {'key': 'dispossessed', 'stat': {'value': 0, 'type': 'integer'}}, 'Offsides': {'key': 'Offsides', 'stat': {'value': 1, 'type': 'integer'}}}}, {'title': 'Defense', 'key': 'defense', 'stats': {'Defensive actions': {'key': 'defensive_actions', 'stat': {'value': 0, 'type': 'integer'}}, 'Tackles': {'key': 'matchstats.headers.tackles', 'stat': {'value': 0, 'type': 'integer'}}, 'Blocks': {'key': 'shot_blocks', 'stat': {'value': 0, 'type': 'integer'}}, 'Clearances': {'key': 'clearances', 'stat': {'value': 0, 'type': 'integer'}}, 'Interceptions': {'key': 'interceptions', 'stat': {'value': 0, 'type': 'integer'}}, 'Recoveries': {'key': 'recoveries', 'stat': {'value': 2, 'type': 'integer'}}, 'Dribbled past': {'key': 'dribbled_past', 'stat': {'value': 0, 'type': 'integer'}}}}, {'title': 'Duels', 'key': 'duels', 'stats': {'Ground duels won': {'key': 'ground_duels_won', 'stat': {'value': 3, 'total': 4, 'type': 'fractionWithPercentage'}}, 'Aerial duels won': {'key': 'aerials_won', 'stat': {'value': 2, 'total': 4, 'type': 'fractionWithPercentage'}}, 'Was fouled': {'key': 'was_fouled', 'stat': {'value': 2, 'type': 'integer'}}, 'Fouls committed': {'key': 'fouls', 'stat': {'value': 1, 'type': 'integer'}}, 'Duels won': {'key': 'duel_won', 'stat': {'value': 5, 'type': 'integer'}, 'hideInPopupCard': True}, 'Duels lost': {'key': 'duel_lost', 'stat': {'value': 3, 'type': 'integer'}, 'hideInPopupCard': True}}}]",11,,3,5261432,1,Barracas Central,213534,Vasco da Gama,10276,2026-04-07T22:00:00.000Z,0,0,6.85,45.0,0.0,0.0,,11.0,14.0,0.0,,,,0.0,23.0,1.0,,1.0,2.0,1.0,1.0,0.0,,,0.0,0.0,,0.0,2.0,0.0,5.0,3.0,3.0,4.0,2.0,4.0,2.0,1.0
José Rodriguez,816753,244703,10276,Vasco da Gama,False,"[{'title': 'Top stats', 'key': 'top_stats', 'stats': {'FotMob rating': {'key': 'rating_title', 'stat': {'value': 6.28, 'type': 'double'}}, 'Minutes played': {'key': 'minutes_played', 'stat': {'value': 90, 'type': 'integer'}}, 'Goals': {'key': 'goals', 'stat': {'value': 0, 'type': 'integer'}}, 'Assists': {'key': 'assists', 'stat': {'value': 0, 'type': 'integer'}}, 'Accurate passes': {'key': 'accurate_passes', 'stat': {'value': 36, 'total': 40, 'type': 'fractionWithPercentage'}}, 'Chances created': {'key': 'chances_created', 'stat': {'value': 0, 'type': 'integer'}}, 'Shots on target': {'key': 'ShotsOnTarget', 'stat': {'value': 0, 'type': 'integer'}}, 'Shots off target': {'key': 'ShotsOffTarget', 'stat': {'value': 2, 'type': 'integer'}}, 'Blocked shots': {'key': 'blocked_shots', 'stat': {'value': 1, 'type': 'integer'}}, 'Shot accuracy': {'key': 'shot_accuracy', 'stat': {'value': 0, 'total': 2, 'type': 'fractionWithPercentage'}}, 'Shotmap': {'key': None, 'stat': {'value': 1, 'type': 'boolean'}}, 'Defensive actions': {'key': 'defensive_actions', 'stat': {'value': 4, 'type': 'integer'}}}}, {'title': 'Attack', 'key': 'attack', 'stats': {'Touches': {'key': 'touches', 'stat': {'value': 59, 'type': 'integer'}}, 'Touches in opposition box': {'key': 'touches_opp_box', 'stat': {'value': 1, 'type': 'integer'}}, 'Passes into final third': {'key': 'passes_into_final_third', 'stat': {'value': 4, 'type': 'integer'}}, 'Accurate crosses': {'key': 'accurate_crosses', 'stat': {'value': 0, 'total': 4, 'type': 'fractionWithPercentage'}}, 'Accurate long balls': {'key': 'long_balls_accurate', 'stat': {'value': 1, 'total': 2, 'type': 'fractionWithPercentage'}}, 'Dispossessed': {'key': 'dispossessed', 'stat': {'value': 0, 'type': 'integer'}}}}, {'title': 'Defense', 'key': 'defense', 'stats': {'Defensive actions': {'key': 'defensive_actions', 'stat': {'value': 4, 'type': 'integer'}}, 'Tackles': {'key': 'matchstats.headers.tackles', 'stat': {'value': 1, 'type': 'integer'}}, 'Blocks': {'key': 'shot_blocks', 'stat': {'value': 0, 'type': 'integer'}}, 'Clearances': {'key': 'clearances', 'stat': {'value': 3, 'type': 'integer'}}, 'Headed clearance': {'key': 'headed_clearance', 'stat': {'value': 1, 'type': 'integer'}}, 'Interceptions': {'key': 'interceptions', 'stat': {'value': 0, 'type': 'integer'}}, 'Recoveries': {'key': 'recoveries', 'stat': {'value': 0, 'type': 'integer'}}, 'Dribbled past': {'key': 'dribbled_past', 'stat': {'value': 2, 'type': 'integer'}}}}, {'title': 'Duels', 'key': 'duels', 'stats': {'Ground duels won': {'key': 'ground_duels_won', 'stat': {'value': 1, 'total': 3, 'type': 'fractionWithPercentage'}}, 'Aerial duels won': {'key': 'aerials_won', 'stat': {'value': 0, 'total': 1, 'type': 'fractionWithPercentage'}}, 'Was fouled': {'key': 'was_fouled', 'stat': {'type': 'integer'}}, 'Fouls committed': {'key': 'fouls', 'stat': {'value': 0, 'type': 'integer'}}, 'Duels won': {'key': 'duel_won', 'stat': {'value': 1, 'type': 'integer'}, 'hideInPopupCard': True}, 'Duels lost': {'key': 'duel_lost', 'stat': {'value': 3, 'type': 'integer'}, 'hideInPopupCard': True}}}]",2,72,1,5261432,1,Barracas Central,213534,Vasco da Gama,10276,2026-04-07T22:00:00.000Z,0,0,6.28,90.0,0.0,0.0,,36.0,40.0,0.0,,,,4.0,59.0,1.0,4.0,0.0,4.0,1.0,2.0,0.0,,,0.0,3.0,1.0,0.0,0.0,2.0,1.0,3.0,1.0,3.0,0.0,1.0,,0.0
Carlos Cuesta,834032,226188,10276,Vasco da Gama,False,"[{'title': 'Top stats', 'key': 'top_stats', 'stats': {'FotMob rating': {'key': 'rating_title', 'stat': {'value': 6.92, 'type': 'double'}}, 'Minutes played': {'key': 'minutes_played', 'stat': {'value': 90, 'type': 'integer'}}, 'Goals': {'key': 'goals', 'stat': {'value': 0, 'type': 'integer'}}, 'Assists': {'key': 'assists', 'stat': {'value': 0, 'type': 'integer'}}, 'Accurate passes': {'key': 'accurate_passes', 'stat': {'value': 55, 'total': 63, 'type': 'fractionWithPercentage'}}, 'Chances created': {'key': 'chances_created', 'stat': {'value': 0, 'type': 'integer'}}, 'Shotmap': {'key': None, 'stat': {'value': 0, 'type': 'boolean'}}, 'Defensive actions': {'key': 'defensive_actions', 'stat': {'value': 9, 'type': 'integer'}}}}, {'title': 'Attack', 'key': 'attack', 'stats': {'Touches': {'key': 'touches', 'stat': {'value': 75, 'type': 'integer'}}, 'Touches in opposition box': {'key': 'touches_opp_box', 'stat': {'value': 0, 'type': 'integer'}}, 'Passes into final third': {'key': 'passes_into_final_third', 'stat': {'value': 3, 'type': 'integer'}}, 'Accurate crosses': {'key': 'accurate_crosses', 'stat': {'value': 0, 'total': 1, 'type': 'fractionWithPercentage'}}, 'Accurate long balls': {'key': 'long_balls_accurate', 'stat': {'value': 0, 'total': 3, 'type': 'fractionWithPercentage'}}, 'Dispossessed': {'key': 'dispossessed', 'stat': {'value': 0, 'type': 'integer'}}}}, {'title': 'Defense', 'key': 'defense', 'stats': {'Defensive actions': {'key': 'defensive_actions', 'stat': {'value': 9, 'type': 'integer'}}, 'Tackles': {'key': 'matchstats.headers.tackles', 'stat': {'value': 0, 'type': 'integer'}}, 'Blocks': {'key': 'shot_blocks', 'stat': {'value': 1, 'type': 'integer'}}, 'Clearances': {'key': 'clearances', 'stat': {'value': 5, 'type': 'integer'}}, 'Headed clearance': {'key': 'headed_clearance', 'stat': {'value': 4, 'type': 'integer'}}, 'Interceptions': {'key': 'interceptions', 'stat': {'value': 3, 'type': 'integer'}}, 'Recoveries': {'key': 'recoveries', 'stat': {'value': 1, 'type': 'integer'}}, 'Dribbled past': {'key': 'dribbled_past', 'stat': {'value': 0, 'type': 'integer'}}}}, {'title': 'Duels', 'key': 'duels', 'stats': {'Ground duels won': {'key': 'ground_duels_won', 'stat': {'value': 0, 'total': 2, 'type': 'fractionWithPercentage'}}, 'Aerial duels won': {'key': 'aerials_won', 'stat': {'value': 3, 'total': 8, 'type': 'fractionWithPercentage'}}, 'Was fouled': {'key': 'was_fouled', 'stat': {'type': 'integer'}}, 'Fouls committed': {'key': 'fouls', 'stat': {'value': 2, 'type': 'integer'}}, 'Duels won': {'key': 'duel_won', 'stat': {'value': 3, 'type': 'integer'}, 'hideInPopupCard': True}, 'Duels lost': {'key': 'duel_lost', 'stat': {'value': 7, 'type': 'integer'}, 'hideInPopupCard': True}}}]",46,33,1,5261432,1,Barracas Central,213534,Vasco da Gama,10276,2026-04-07T22:00:00.000Z,0,0,6.92,90.0,0.0,0.0,,55.0,63.0,0.0,,,,9.0,75.0,0.0,3.0,0.0,1.0,0.0,3.0,0.0,,,1.0,5.0,4.0,3.0,1.0,0.0,3.0,7.0,0.0,2.0,3.0,8.0,,2.0
Claudio Spinelli,834759,243704,10276,Vasco da Gama,False,"[{'title': 'Top stats', 'key': 'top_stats', 'stats': {'FotMob rating': {'key': 'rating_title', 'stat': {'value': 6.56, 'type': 'double'}}, 'Minutes played': {'key': 'minutes_played', 'stat': {'value': 90, 'type': 'integer'}}, 'Goals': {'key': 'goals', 'stat': {'value': 0, 'type': 'integer'}}, 'Assists': {'key': 'assists', 'stat': {'value': 0, 'type': 'integer'}}, 'Accurate passes': {'key': 'accurate_passes', 'stat': {'value': 6, 'total': 8, 'type': 'fractionWithPercentage'}}, 'Chances created': {'key': 'chances_created', 'stat': {'value': 2, 'type': 'integer'}}, 'Shots on target': {'key': 'ShotsOnTarget', 'stat': {'value': 1, 'type': 'integer'}}, 'Shots off target': {'key': 'ShotsOffTarget', 'stat': {'value': 1, 'type': 'integer'}}, 'Shot accuracy': {'key': 'shot_accuracy', 'stat': {'value': 1, 'total': 2, 'type': 'fractionWithPercentage'}}, 'Shotmap': {'key': None, 'stat': {'value': 1, 'type': 'boolean'}}, 'Defensive actions': {'key': 'defensive_actions', 'stat': {'value': 4, 'type': 'integer'}}}}, {'title': 'Attack', 'key': 'attack', 'stats': {'Touches': {'key': 'touches', 'stat': {'value': 20, 'type': 'integer'}}, 'Touches in opposition box': {'key': 'touches_opp_box', 'stat': {'value': 5, 'type': 'integer'}}, 'Dispossessed': {'key': 'dispossessed', 'stat': {'value': 1, 'type': 'integer'}}}}, {'title': 'Defense', 'key': 'defense', 'stats': {'Defensive actions': {'key': 'defensive_actions', 'stat': {'value': 4, 'type': 'integer'}}, 'Tackles': {'key': 'matchstats.headers.tackles', 'stat': {'value': 1, 'type': 'integer'}}, 'Blocks': {'key': 'shot_blocks', 'stat': {'value': 0, 'type': 'integer'}}, 'Clearances': {'key': 'clearances', 'stat': {'value': 3, 'type': 'integer'}}, 'Headed clearance': {'key': 'headed_clearance', 'stat': {'value': 2, 'type': 'integer'}}, 'Interceptions': {'key': 'interceptions', 'stat': {'value': 0, 'type': 'integer'}}, 'Recoveries': {'key': 'recoveries', 'stat': {'value': 2, 'type': 'integer'}}, 'Dribbled past': {'key': 'dribbled_past', 'stat': {'value': 0, 'type': 'integer'}}}}, {'title': 'Duels', 'key': 'duels', 'stats': {'Ground duels won': {'key': 'ground_duels_won', 'stat': {'value': 2, 'total': 4, 'type': 'fractionWithPercentage'}}, 'Aerial duels won': {'key': 'aerials_won', 'stat': {'value': 2, 'total': 5, 'type': 'fractionWithPercentage'}}, 'Was fouled': {'key': 'was_fouled', 'stat': {'value': 1, 'type': 'integer'}}, 'Fouls committed': {'key': 'fouls', 'stat': {'value': 1, 'type': 'integer'}}, 'Duels won': {'key': 'duel_won', 'stat': {'value': 4, 'type': 'integer'}, 'hideInPopupCard': True}, 'Duels lost': {'key': 'duel_lost', 'stat': {'value': 5, 'type': 'integer'}, 'hideInPopupCard': True}}}]",77,105,3,5261432,1,Barracas Central,213534,Vasco da Gama,10276,2026-04-07T22:00:00.000Z,0,0,6.56,90.0,0.0,0.0,,6.0,8.0,2.0,,,,4.0,20.0,5.0,,,,,,1.0,,,0.0,3.0,2.0,0.0,2.0,0.0,4.0,5.0,2.0,4.0,2.0,5.0,1.0,1.0
Daniel Fuzato,844493,235585,10276,Vasco da Gama,True,"[{'title': 'Top stats', 'key': 'top_stats', 'stats': {'FotMob rating': {'key': 'rating_title', 'stat': {'value': 7.28, 'type': 'double'}}, 'Minutes played': {'key': 'minutes_played', 'stat': {'value': 90, 'type': 'integer'}}, 'Saves': {'key': 'saves', 'stat': {'value': 3, 'type': 'integer'}}, 'Goals conceded': {'key': 'goals_conceded', 'stat': {'value': 0, 'type': 'integer'}}, 'Shotmap': {'key': None, 'stat': {'value': 1, 'type': 'boolean'}}, 'Accurate passes': {'key': 'accurate_passes', 'stat': {'value': 10, 'total': 17, 'type': 'fractionWithPercentage'}}, 'Accurate long balls': {'key': 'long_balls_accurate', 'stat': {'value': 1, 'total': 8, 'type': 'fractionWithPercentage'}}, 'Diving save': {'key': 'keeper_diving_save', 'stat': {'value': 1, 'type': 'integer'}}, 'Saves inside box': {'key': 'saves_inside_box', 'stat': {'value': 1, 'type': 'integer'}}, 'Acted as sweeper': {'key': 'keeper_sweeper', 'stat': {'value': 0, 'type': 'integer'}}, 'Punches': {'key': 'punches', 'stat': {'value': 0, 'type': 'integer'}}, 'Throws': {'key': 'player_throws', 'stat': {'value': 3, 'type': 'integer'}}, 'High claim': {'key': 'keeper_high_claim', 'stat': {'value': 0, 'type': 'integer'}}, 'Recoveries': {'key': 'recoveries', 'stat': {'value': 5, 'type': 'integer'}}, 'Clearances': {'key': 'clearances', 'stat': {'value': 0, 'type': 'integer'}}, 'Touches': {'key': 'touches', 'stat': {'value': 23, 'type': 'integer'}}, 'Defensive actions': {'key': 'defensive_actions', 'stat': {'value': 0, 'type': 'integer'}, 'hideInPopupCard': True}, 'Was fouled': {'key': 'was_fouled', 'stat': {'type': 'integer'}, 'hideInPopupCard': True}, 'Fouls committed': {'key': 'fouls', 'stat': {'value': 0, 'type': 'integer'}, 'hideInPopupCard': True}, 'Tackles': {'key': 'matchstats.headers.tackles', 'stat': {'value': 0, 'type': 'integer'}, 'hideInPopupCard': True}, 'Passes into final third': {'key': 'passes_into_final_third', 'stat': {'value': 2, 'type': 'integer'}, 'hideInPopupCard': True}, 'Interceptions': {'key': 'interceptions', 'stat': {'value': 0, 'type': 'integer'}, 'hideInPopupCard': True}}}]",13,11,0,5261432,1,Barracas Central,213534,Vasco da Gama,10276,2026-04-07T22:00:00.000Z,0,0,7.28,90.0,,,,10.0,17.0,,,,,0.0,,,,,,,,,,,,,,,,,,,,,,,,
Marcelo Miño,847988,422640,213534,Barracas Central,True,[],30,,0,5261432,1,Barracas Central,213534,Vasco da Gama,10276,2026-04-07T22:00:00.000Z,0,0,,,,,,,,,,,,,,,,,,,,,,,,,,,,,,,,,,,,
Juan Espínola,875078,214441,213534,Barracas Central,True,"[{'title': 'Top stats', 'key': 'top_stats', 'stats': {'FotMob rating': {'key': 'rating_title', 'stat': {'value': 7.82, 'type': 'double'}}, 'Minutes played': {'key': 'minutes_played', 'stat': {'value': 90, 'type': 'integer'}}, 'Saves': {'key': 'saves', 'stat': {'value': 4, 'type': 'integer'}}, 'Goals conceded': {'key': 'goals_conceded', 'stat': {'value': 0, 'type': 'integer'}}, 'Shotmap': {'key': None, 'stat': {'value': 1, 'type': 'boolean'}}, 'Accurate passes': {'key': 'accurate_passes', 'stat': {'value': 7, 'total': 16, 'type': 'fractionWithPercentage'}}, 'Accurate long balls': {'key': 'long_balls_accurate', 'stat': {'value': 6, 'total': 15, 'type': 'fractionWithPercentage'}}, 'Diving save': {'key': 'keeper_diving_save', 'stat': {'value': 1, 'type': 'integer'}}, 'Saves inside box': {'key': 'saves_inside_box', 'stat': {'value': 2, 'type': 'integer'}}, 'Acted as sweeper': {'key': 'keeper_sweeper', 'stat': {'value': 0, 'type': 'integer'}}, 'Punches': {'key': 'punches', 'stat': {'value': 1, 'type': 'integer'}}, 'Throws': {'key': 'player_throws', 'stat': {'value': 1, 'type': 'integer'}}, 'High claim': {'key': 'keeper_high_claim', 'stat': {'value': 0, 'type': 'integer'}}, 'Recoveries': {'key': 'recoveries', 'stat': {'value': 5, 'type': 'integer'}}, 'Clearances': {'key': 'clearances', 'stat': {'value': 1, 'type': 'integer'}}, 'Touches': {'key': 'touches', 'stat': {'value': 22, 'type': 'integer'}}, 'Defensive actions': {'key': 'defensive_actions', 'stat': {'value': 1, 'type': 'integer'}, 'hideInPopupCard': True}, 'Duels won': {'key': 'duel_won', 'stat': {'value': 1, 'type': 'integer'}, 'hideInPopupCard': True}, 'Aerial duels won': {'key': 'aerials_won', 'stat': {'value': 1, 'total': 1, 'type': 'fractionWithPercentage'}}, 'Was fouled': {'key': 'was_fouled', 'stat': {'type': 'integer'}, 'hideInPopupCard': True}, 'Fouls committed': {'key': 'fouls', 'stat': {'value': 0, 'type': 'integer'}, 'hideInPopupCard': True}, 'Tackles': {'key': 'matchstats.headers.tackles', 'stat': {'value': 0, 'type': 'integer'}, 'hideInPopupCard': True}, 'Passes into final third': {'key': 'passes_into_final_third', 'stat': {'value': 4, 'type': 'integer'}, 'hideInPopupCard': True}, 'Interceptions': {'key': 'interceptions', 'stat': {'value': 0, 'type': 'integer'}, 'hideInPopupCard': True}}}]",1,11,0,5261432,1,Barracas Central,213534,Vasco da Gama,10276,2026-04-07T22:00:00.000Z,0,0,7.82,90.0,,,,7.0,16.0,,,,,1.0,,,,,,,,,,,,,,,,,,,,,,,,
Nicolás Demartini,925286,433742,213534,Barracas Central,False,"[{'title': 'Top stats', 'key': 'top_stats', 'stats': {'FotMob rating': {'key': 'rating_title', 'stat': {'value': 6.85, 'type': 'double'}}, 'Minutes played': {'key': 'minutes_played', 'stat': {'value': 90, 'type': 'integer'}}, 'Goals': {'key': 'goals', 'stat': {'value': 0, 'type': 'integer'}}, 'Assists': {'key': 'assists', 'stat': {'value': 0, 'type': 'integer'}}, 'Accurate passes': {'key': 'accurate_passes', 'stat': {'value': 28, 'total': 37, 'type': 'fractionWithPercentage'}}, 'Chances created': {'key': 'chances_created', 'stat': {'value': 0, 'type': 'integer'}}, 'Shotmap': {'key': None, 'stat': {'value': 0, 'type': 'boolean'}}, 'Defensive actions': {'key': 'defensive_actions', 'stat': {'value': 9, 'type': 'integer'}}}}, {'title': 'Attack', 'key': 'attack', 'stats': {'Touches': {'key': 'touches', 'stat': {'value': 56, 'type': 'integer'}}, 'Touches in opposition box': {'key': 'touches_opp_box', 'stat': {'value': 2, 'type': 'integer'}}, 'Passes into final third': {'key': 'passes_into_final_third', 'stat': {'value': 7, 'type': 'integer'}}, 'Accurate long balls': {'key': 'long_balls_accurate', 'stat': {'value': 1, 'total': 4, 'type': 'fractionWithPercentage'}}, 'Dispossessed': {'key': 'dispossessed', 'stat': {'value': 0, 'type': 'integer'}}}}, {'title': 'Defense', 'key': 'defense', 'stats': {'Defensive actions': {'key': 'defensive_actions', 'stat': {'value': 9, 'type': 'integer'}}, 'Tackles': {'key': 'matchstats.headers.tackles', 'stat': {'value': 1, 'type': 'integer'}}, 'Blocks': {'key': 'shot_blocks', 'stat': {'value': 3, 'type': 'integer'}}, 'Clearances': {'key': 'clearances', 'stat': {'value': 5, 'type': 'integer'}}, 'Headed clearance': {'key': 'headed_clearance', 'stat': {'value': 5, 'type': 'integer'}}, 'Interceptions': {'key': 'interceptions', 'stat': {'value': 0, 'type': 'integer'}}, 'Recoveries': {'key': 'recoveries', 'stat': {'value': 1, 'type': 'integer'}}, 'Dribbled past': {'key': 'dribbled_past', 'stat': {'value': 0, 'type': 'integer'}}}}, {'title': 'Duels', 'key': 'duels', 'stats': {'Ground duels won': {'key': 'ground_duels_won', 'stat': {'value': 1, 'total': 2, 'type': 'fractionWithPercentage'}}, 'Aerial duels won': {'key': 'aerials_won', 'stat': {'value': 1, 'total': 2, 'type': 'fractionWithPercentage'}}, 'Was fouled': {'key': 'was_fouled', 'stat': {'type': 'integer'}}, 'Fouls committed': {'key': 'fouls', 'stat': {'value': 1, 'type': 'integer'}}, 'Duels won': {'key': 'duel_won', 'stat': {'value': 2, 'type': 'integer'}, 'hideInPopupCard': True}, 'Duels lost': {'key': 'duel_lost', 'stat': {'value': 2, 'type': 'integer'}, 'hideInPopupCard': True}}}]",31,37,1,5261432,1,Barracas Central,213534,Vasco da Gama,10276,2026-04-07T22:00:00.000Z,0,0,6.85,90.0,0.0,0.0,,28.0,37.0,0.0,,,,9.0,56.0,2.0,7.0,,,1.0,4.0,0.0,,,3.0,5.0,5.0,0.0,1.0,0.0,2.0,2.0,1.0,2.0,1.0,2.0,,1.0
Iván Tapia,944446,490253,213534,Barracas Central,False,"[{'title': 'Top stats', 'key': 'top_stats', 'stats': {'FotMob rating': {'key': 'rating_title', 'stat': {'value': 6.57, 'type': 'double'}}, 'Minutes played': {'key': 'minutes_played', 'stat': {'value': 77, 'type': 'integer'}}, 'Goals': {'key': 'goals', 'stat': {'value': 0, 'type': 'integer'}}, 'Assists': {'key': 'assists', 'stat': {'value': 0, 'type': 'integer'}}, 'Accurate passes': {'key': 'accurate_passes', 'stat': {'value': 26, 'total': 30, 'type': 'fractionWithPercentage'}}, 'Chances created': {'key': 'chances_created', 'stat': {'value': 1, 'type': 'integer'}}, 'Shots on target': {'key': 'ShotsOnTarget', 'stat': {'value': 0, 'type': 'integer'}}, 'Shots off target': {'key': 'ShotsOffTarget', 'stat': {'value': 1, 'type': 'integer'}}, 'Shot accuracy': {'key': 'shot_accuracy', 'stat': {'value': 0, 'total': 1, 'type': 'fractionWithPercentage'}}, 'Shotmap': {'key': None, 'stat': {'value': 1, 'type': 'boolean'}}, 'Defensive actions': {'key': 'defensive_actions', 'stat': {'value': 3, 'type': 'integer'}}}}, {'title': 'Attack', 'key': 'attack', 'stats': {'Touches': {'key': 'touches', 'stat': {'value': 48, 'type': 'integer'}}, 'Touches in opposition box': {'key': 'touches_opp_box', 'stat': {'value': 0, 'type': 'integer'}}, 'Passes into final third': {'key': 'passes_into_final_third', 'stat': {'value': 4, 'type': 'integer'}}, 'Accurate crosses': {'key': 'accurate_crosses', 'stat': {'value': 1, 'total': 7, 'type': 'fractionWithPercentage'}}, 'Accurate long balls': {'key': 'long_balls_accurate', 'stat': {'value': 0, 'total': 2, 'type': 'fractionWithPercentage'}}, 'Corners': {'key': 'corners', 'stat': {'value': 5, 'type': 'integer'}}, 'Dispossessed': {'key': 'dispossessed', 'stat': {'value': 3, 'type': 'integer'}}}}, {'title': 'Defense', 'key': 'defense', 'stats': {'Defensive actions': {'key': 'defensive_actions', 'stat': {'value': 3, 'type': 'integer'}}, 'Tackles': {'key': 'matchstats.headers.tackles', 'stat': {'value': 2, 'type': 'integer'}}, 'Blocks': {'key': 'shot_blocks', 'stat': {'value': 0, 'type': 'integer'}}, 'Clearances': {'key': 'clearances', 'stat': {'value': 0, 'type': 'integer'}}, 'Interceptions': {'key': 'interceptions', 'stat': {'value': 1, 'type': 'integer'}}, 'Recoveries': {'key': 'recoveries', 'stat': {'value': 8, 'type': 'integer'}}, 'Dribbled past': {'key': 'dribbled_past', 'stat': {'value': 1, 'type': 'integer'}}}}, {'title': 'Duels', 'key': 'duels', 'stats': {'Ground duels won': {'key': 'ground_duels_won', 'stat': {'value': 3, 'total': 8, 'type': 'fractionWithPercentage'}}, 'Aerial duels won': {'key': 'aerials_won', 'stat': {'value': 0, 'total': 0, 'type': 'fractionWithPercentage'}}, 'Was fouled': {'key': 'was_fouled', 'stat': {'value': 1, 'type': 'integer'}}, 'Fouls committed': {'key': 'fouls', 'stat': {'value': 1, 'type': 'integer'}}, 'Duels won': {'key': 'duel_won', 'stat': {'value': 3, 'type': 'integer'}, 'hideInPopupCard': True}, 'Duels lost': {'key': 'duel_lost', 'stat': {'value': 5, 'type': 'integer'}, 'hideInPopupCard': True}}}]",10,77,2,5261432,1,Barracas Central,213534,Vasco da Gama,10276,2026-04-07T22:00:00.000Z,0,0,6.57,77.0,0.0,0.0,,26.0,30.0,1.0,,,,3.0,48.0,0.0,4.0,1.0,7.0,0.0,2.0,3.0,,,0.0,0.0,,1.0,8.0,1.0,3.0,5.0,3.0,8.0,0.0,0.0,1.0,1.0
Hugo Moura,1028036,444159,10276,Vasco da Gama,False,"[{'title': 'Top stats', 'key': 'top_stats', 'stats': {'FotMob rating': {'key': 'rating_title', 'stat': {'value': 7.3, 'type': 'double'}}, 'Minutes played': {'key': 'minutes_played', 'stat': {'value': 90, 'type': 'integer'}}, 'Goals': {'key': 'goals', 'stat': {'value': 0, 'type': 'integer'}}, 'Assists': {'key': 'assists', 'stat': {'value': 0, 'type': 'integer'}}, 'Accurate passes': {'key': 'accurate_passes', 'stat': {'value': 69, 'total': 76, 'type': 'fractionWithPercentage'}}, 'Chances created': {'key': 'chances_created', 'stat': {'value': 1, 'type': 'integer'}}, 'Shotmap': {'key': None, 'stat': {'value': 0, 'type': 'boolean'}}, 'Defensive actions': {'key': 'defensive_actions', 'stat': {'value': 5, 'type': 'integer'}}}}, {'title': 'Attack', 'key': 'attack', 'stats': {'Touches': {'key': 'touches', 'stat': {'value': 84, 'type': 'integer'}}, 'Touches in opposition box': {'key': 'touches_opp_box', 'stat': {'value': 0, 'type': 'integer'}}, 'Passes into final third': {'key': 'passes_into_final_third', 'stat': {'value': 14, 'type': 'integer'}}, 'Accurate long balls': {'key': 'long_balls_accurate', 'stat': {'value': 4, 'total': 6, 'type': 'fractionWithPercentage'}}, 'Dispossessed': {'key': 'dispossessed', 'stat': {'value': 0, 'type': 'integer'}}}}, {'title': 'Defense', 'key': 'defense', 'stats': {'Defensive actions': {'key': 'defensive_actions', 'stat': {'value': 5, 'type': 'integer'}}, 'Tackles': {'key': 'matchstats.headers.tackles', 'stat': {'value': 2, 'type': 'integer'}}, 'Blocks': {'key': 'shot_blocks', 'stat': {'value': 1, 'type': 'integer'}}, 'Clearances': {'key': 'clearances', 'stat': {'value': 2, 'type': 'integer'}}, 'Headed clearance': {'key': 'headed_clearance', 'stat': {'value': 1, 'type': 'integer'}}, 'Interceptions': {'key': 'interceptions', 'stat': {'value': 0, 'type': 'integer'}}, 'Recoveries': {'key': 'recoveries', 'stat': {'value': 2, 'type': 'integer'}}, 'Dribbled past': {'key': 'dribbled_past', 'stat': {'value': 0, 'type': 'integer'}}}}, {'title': 'Duels', 'key': 'duels', 'stats': {'Ground duels won': {'key': 'ground_duels_won', 'stat': {'value': 2, 'total': 3, 'type': 'fractionWithPercentage'}}, 'Aerial duels won': {'key': 'aerials_won', 'stat': {'value': 1, 'total': 1, 'type': 'fractionWithPercentage'}}, 'Was fouled': {'key': 'was_fouled', 'stat': {'type': 'integer'}}, 'Fouls committed': {'key': 'fouls', 'stat': {'value': 1, 'type': 'integer'}}, 'Duels won': {'key': 'duel_won', 'stat': {'value': 3, 'type': 'integer'}, 'hideInPopupCard': True}, 'Duels lost': {'key': 'duel_lost', 'stat': {'value': 1, 'type': 'integer'}, 'hideInPopupCard': True}}}]",25,76,2,5261432,1,Barracas Central,213534,Vasco da Gama,10276,2026-04-07T22:00:00.000Z,0,0,7.3,90.0,0.0,0.0,,69.0,76.0,1.0,,,,5.0,84.0,0.0,14.0,,,4.0,6.0,0.0,,,1.0,2.0,1.0,0.0,2.0,0.0,3.0,1.0,2.0,3.0,1.0,1.0,,1.0
Nicolás Capraro,1111071,606942,213534,Barracas Central,False,"[{'title': 'Top stats', 'key': 'top_stats', 'stats': {'FotMob rating': {'key': 'rating_title', 'stat': {'value': 7.09, 'type': 'double'}}, 'Minutes played': {'key': 'minutes_played', 'stat': {'value': 90, 'type': 'integer'}}, 'Goals': {'key': 'goals', 'stat': {'value': 0, 'type': 'integer'}}, 'Assists': {'key': 'assists', 'stat': {'value': 0, 'type': 'integer'}}, 'Accurate passes': {'key': 'accurate_passes', 'stat': {'value': 18, 'total': 23, 'type': 'fractionWithPercentage'}}, 'Chances created': {'key': 'chances_created', 'stat': {'value': 0, 'type': 'integer'}}, 'Shotmap': {'key': None, 'stat': {'value': 0, 'type': 'boolean'}}, 'Defensive actions': {'key': 'defensive_actions', 'stat': {'value': 11, 'type': 'integer'}}}}, {'title': 'Attack', 'key': 'attack', 'stats': {'Touches': {'key': 'touches', 'stat': {'value': 41, 'type': 'integer'}}, 'Touches in opposition box': {'key': 'touches_opp_box', 'stat': {'value': 0, 'type': 'integer'}}, 'Passes into final third': {'key': 'passes_into_final_third', 'stat': {'value': 6, 'type': 'integer'}}, 'Accurate crosses': {'key': 'accurate_crosses', 'stat': {'value': 0, 'total': 1, 'type': 'fractionWithPercentage'}}, 'Accurate long balls': {'key': 'long_balls_accurate', 'stat': {'value': 2, 'total': 5, 'type': 'fractionWithPercentage'}}, 'Dispossessed': {'key': 'dispossessed', 'stat': {'value': 1, 'type': 'integer'}}, 'Offsides': {'key': 'Offsides', 'stat': {'value': 1, 'type': 'integer'}}}}, {'title': 'Defense', 'key': 'defense', 'stats': {'Defensive actions': {'key': 'defensive_actions', 'stat': {'value': 11, 'type': 'integer'}}, 'Tackles': {'key': 'matchstats.headers.tackles', 'stat': {'value': 4, 'type': 'integer'}}, 'Blocks': {'key': 'shot_blocks', 'stat': {'value': 0, 'type': 'integer'}}, 'Clearances': {'key': 'clearances', 'stat': {'value': 6, 'type': 'integer'}}, 'Headed clearance': {'key': 'headed_clearance', 'stat': {'value': 4, 'type': 'integer'}}, 'Interceptions': {'key': 'interceptions', 'stat': {'value': 1, 'type': 'integer'}}, 'Recoveries': {'key': 'recoveries', 'stat': {'value': 3, 'type': 'integer'}}, 'Dribbled past': {'key': 'dribbled_past', 'stat': {'value': 0, 'type': 'integer'}}}}, {'title': 'Duels', 'key': 'duels', 'stats': {'Ground duels won': {'key': 'ground_duels_won', 'stat': {'value': 4, 'total': 5, 'type': 'fractionWithPercentage'}}, 'Aerial duels won': {'key': 'aerials_won', 'stat': {'value': 2, 'total': 4, 'type': 'fractionWithPercentage'}}, 'Was fouled': {'key': 'was_fouled', 'stat': {'type': 'integer'}}, 'Fouls committed': {'key': 'fouls', 'stat': {'value': 1, 'type': 'integer'}}, 'Duels won': {'key': 'duel_won', 'stat': {'value': 6, 'type': 'integer'}, 'hideInPopupCard': True}, 'Duels lost': {'key': 'duel_lost', 'stat': {'value': 3, 'type': 'integer'}, 'hideInPopupCard': True}}}]",2,33,1,5261432,1,Barracas Central,213534,Vasco da Gama,10276,2026-04-07T22:00:00.000Z,0,0,7.09,90.0,0.0,0.0,,18.0,23.0,0.0,,,,11.0,41.0,0.0,6.0,0.0,1.0,2.0,5.0,1.0,,,0.0,6.0,4.0,1.0,3.0,0.0,6.0,3.0,4.0,5.0,2.0,4.0,,1.0
Rodrigo Insúa,1134305,490241,213534,Barracas Central,False,"[{'title': 'Top stats', 'key': 'top_stats', 'stats': {'FotMob rating': {'key': 'rating_title', 'stat': {'value': 7.22, 'type': 'double'}}, 'Minutes played': {'key': 'minutes_played', 'stat': {'value': 90, 'type': 'integer'}}, 'Goals': {'key': 'goals', 'stat': {'value': 0, 'type': 'integer'}}, 'Assists': {'key': 'assists', 'stat': {'value': 0, 'type': 'integer'}}, 'Accurate passes': {'key': 'accurate_passes', 'stat': {'value': 20, 'total': 27, 'type': 'fractionWithPercentage'}}, 'Chances created': {'key': 'chances_created', 'stat': {'value': 1, 'type': 'integer'}}, 'Shots on target': {'key': 'ShotsOnTarget', 'stat': {'value': 0, 'type': 'integer'}}, 'Shots off target': {'key': 'ShotsOffTarget', 'stat': {'value': 1, 'type': 'integer'}}, 'Blocked shots': {'key': 'blocked_shots', 'stat': {'value': 1, 'type': 'integer'}}, 'Shot accuracy': {'key': 'shot_accuracy', 'stat': {'value': 0, 'total': 1, 'type': 'fractionWithPercentage'}}, 'Shotmap': {'key': None, 'stat': {'value': 1, 'type': 'boolean'}}, 'Defensive actions': {'key': 'defensive_actions', 'stat': {'value': 4, 'type': 'integer'}}}}, {'title': 'Attack', 'key': 'attack', 'stats': {'Touches': {'key': 'touches', 'stat': {'value': 50, 'type': 'integer'}}, 'Touches in opposition box': {'key': 'touches_opp_box', 'stat': {'value': 2, 'type': 'integer'}}, 'Successful dribbles': {'key': 'dribbles_succeeded', 'stat': {'value': 1, 'total': 3, 'type': 'fractionWithPercentage'}}, 'Passes into final third': {'key': 'passes_into_final_third', 'stat': {'value': 7, 'type': 'integer'}}, 'Accurate crosses': {'key': 'accurate_crosses', 'stat': {'value': 2, 'total': 6, 'type': 'fractionWithPercentage'}}, 'Accurate long balls': {'key': 'long_balls_accurate', 'stat': {'value': 1, 'total': 2, 'type': 'fractionWithPercentage'}}, 'Corners': {'key': 'corners', 'stat': {'value': 1, 'type': 'integer'}}, 'Dispossessed': {'key': 'dispossessed', 'stat': {'value': 0, 'type': 'integer'}}}}, {'title': 'Defense', 'key': 'defense', 'stats': {'Defensive actions': {'key': 'defensive_actions', 'stat': {'value': 4, 'type': 'integer'}}, 'Tackles': {'key': 'matchstats.headers.tackles', 'stat': {'value': 2, 'type': 'integer'}}, 'Blocks': {'key': 'shot_blocks', 'stat': {'value': 0, 'type': 'integer'}}, 'Clearances': {'key': 'clearances', 'stat': {'value': 2, 'type': 'integer'}}, 'Interceptions': {'key': 'interceptions', 'stat': {'value': 0, 'type': 'integer'}}, 'Recoveries': {'key': 'recoveries', 'stat': {'value': 1, 'type': 'integer'}}, 'Dribbled past': {'key': 'dribbled_past', 'stat': {'value': 0, 'type': 'integer'}}}}, {'title': 'Duels', 'key': 'duels', 'stats': {'Ground duels won': {'key': 'ground_duels_won', 'stat': {'value': 3, 'total': 5, 'type': 'fractionWithPercentage'}}, 'Aerial duels won': {'key': 'aerials_won', 'stat': {'value': 0, 'total': 0, 'type': 'fractionWithPercentage'}}, 'Was fouled': {'key': 'was_fouled', 'stat': {'type': 'integer'}}, 'Fouls committed': {'key': 'fouls', 'stat': {'value': 0, 'type': 'integer'}}, 'Duels won': {'key': 'duel_won', 'stat': {'value': 3, 'type': 'integer'}, 'hideInPopupCard': True}, 'Duels lost': {'key': 'duel_lost', 'stat': {'value': 2, 'type': 'integer'}, 'hideInPopupCard': True}}}]",6,59,1,5261432,1,Barracas Central,213534,Vasco da Gama,10276,2026-04-07T22:00:00.000Z,0,0,7.22,90.0,0.0,0.0,,20.0,27.0,1.0,,,,4.0,50.0,2.0,7.0,2.0,6.0,1.0,2.0,0.0,,,0.0,2.0,,0.0,1.0,0.0,3.0,2.0,3.0,5.0,0.0,0.0,,0.0
Nuno Moreira,1188608,439963,10276,Vasco da Gama,False,"[{'title': 'Top stats', 'key': 'top_stats', 'stats': {'FotMob rating': {'key': 'rating_title', 'stat': {'value': 6.86, 'type': 'double'}}, 'Minutes played': {'key': 'minutes_played', 'stat': {'value': 82, 'type': 'integer'}}, 'Goals': {'key': 'goals', 'stat': {'value': 0, 'type': 'integer'}}, 'Assists': {'key': 'assists', 'stat': {'value': 0, 'type': 'integer'}}, 'Accurate passes': {'key': 'accurate_passes', 'stat': {'value': 32, 'total': 34, 'type': 'fractionWithPercentage'}}, 'Chances created': {'key': 'chances_created', 'stat': {'value': 2, 'type': 'integer'}}, 'Big chances created': {'key': 'big_chance_created_team_title', 'stat': {'value': 1, 'type': 'integer'}}, 'Shots on target': {'key': 'ShotsOnTarget', 'stat': {'value': 1, 'type': 'integer'}}, 'Shots off target': {'key': 'ShotsOffTarget', 'stat': {'value': 0, 'type': 'integer'}}, 'Shot accuracy': {'key': 'shot_accuracy', 'stat': {'value': 1, 'total': 1, 'type': 'fractionWithPercentage'}}, 'Shotmap': {'key': None, 'stat': {'value': 1, 'type': 'boolean'}}, 'Defensive actions': {'key': 'defensive_actions', 'stat': {'value': 2, 'type': 'integer'}}}}, {'title': 'Attack', 'key': 'attack', 'stats': {'Touches': {'key': 'touches', 'stat': {'value': 54, 'type': 'integer'}}, 'Touches in opposition box': {'key': 'touches_opp_box', 'stat': {'value': 3, 'type': 'integer'}}, 'Successful dribbles': {'key': 'dribbles_succeeded', 'stat': {'value': 1, 'total': 3, 'type': 'fractionWithPercentage'}}, 'Passes into final third': {'key': 'passes_into_final_third', 'stat': {'value': 1, 'type': 'integer'}}, 'Accurate crosses': {'key': 'accurate_crosses', 'stat': {'value': 0, 'total': 5, 'type': 'fractionWithPercentage'}}, 'Corners': {'key': 'corners', 'stat': {'value': 3, 'type': 'integer'}}, 'Dispossessed': {'key': 'dispossessed', 'stat': {'value': 1, 'type': 'integer'}}}}, {'title': 'Defense', 'key': 'defense', 'stats': {'Defensive actions': {'key': 'defensive_actions', 'stat': {'value': 2, 'type': 'integer'}}, 'Tackles': {'key': 'matchstats.headers.tackles', 'stat': {'value': 1, 'type': 'integer'}}, 'Blocks': {'key': 'shot_blocks', 'stat': {'value': 0, 'type': 'integer'}}, 'Clearances': {'key': 'clearances', 'stat': {'value': 1, 'type': 'integer'}}, 'Interceptions': {'key': 'interceptions', 'stat': {'value': 0, 'type': 'integer'}}, 'Recoveries': {'key': 'recoveries', 'stat': {'value': 3, 'type': 'integer'}}, 'Dribbled past': {'key': 'dribbled_past', 'stat': {'value': 1, 'type': 'integer'}}}}, {'title': 'Duels', 'key': 'duels', 'stats': {'Ground duels won': {'key': 'ground_duels_won', 'stat': {'value': 4, 'total': 9, 'type': 'fractionWithPercentage'}}, 'Aerial duels won': {'key': 'aerials_won', 'stat': {'value': 1, 'total': 2, 'type': 'fractionWithPercentage'}}, 'Was fouled': {'key': 'was_fouled', 'stat': {'value': 2, 'type': 'integer'}}, 'Fouls committed': {'key': 'fouls', 'stat': {'value': 1, 'type': 'integer'}}, 'Duels won': {'key': 'duel_won', 'stat': {'value': 5, 'type': 'integer'}, 'hideInPopupCard': True}, 'Duels lost': {'key': 'duel_lost', 'stat': {'value': 6, 'type': 'integer'}, 'hideInPopupCard': True}}}]",17,107,3,5261432,1,Barracas Central,213534,Vasco da Gama,10276,2026-04-07T22:00:00.000Z,0,0,6.86,82.0,0.0,0.0,,32.0,34.0,2.0,,,,2.0,54.0,3.0,1.0,0.0,5.0,,,1.0,,,0.0,1.0,,0.0,3.0,1.0,5.0,6.0,4.0,9.0,1.0,2.0,2.0,1.0
Marino Hinestroza,1205222,474036,10276,Vasco da Gama,False,"[{'title': 'Top stats', 'key': 'top_stats', 'stats': {'FotMob rating': {'key': 'rating_title', 'stat': {'value': 6.84, 'type': 'double'}}, 'Minutes played': {'key': 'minutes_played', 'stat': {'value': 20, 'type': 'integer'}}, 'Goals': {'key': 'goals', 'stat': {'value': 0, 'type': 'integer'}}, 'Assists': {'key': 'assists', 'stat': {'value': 0, 'type': 'integer'}}, 'Accurate passes': {'key': 'accurate_passes', 'stat': {'value': 3, 'total': 4, 'type': 'fractionWithPercentage'}}, 'Chances created': {'key': 'chances_created', 'stat': {'value': 2, 'type': 'integer'}}, 'Shotmap': {'key': None, 'stat': {'value': 0, 'type': 'boolean'}}, 'Defensive actions': {'key': 'defensive_actions', 'stat': {'value': 0, 'type': 'integer'}}}}, {'title': 'Attack', 'key': 'attack', 'stats': {'Touches': {'key': 'touches', 'stat': {'value': 15, 'type': 'integer'}}, 'Touches in opposition box': {'key': 'touches_opp_box', 'stat': {'value': 1, 'type': 'integer'}}, 'Successful dribbles': {'key': 'dribbles_succeeded', 'stat': {'value': 2, 'total': 5, 'type': 'fractionWithPercentage'}}, 'Accurate crosses': {'key': 'accurate_crosses', 'stat': {'value': 1, 'total': 3, 'type': 'fractionWithPercentage'}}, 'Dispossessed': {'key': 'dispossessed', 'stat': {'value': 0, 'type': 'integer'}}}}, {'title': 'Defense', 'key': 'defense', 'stats': {'Defensive actions': {'key': 'defensive_actions', 'stat': {'value': 0, 'type': 'integer'}}, 'Tackles': {'key': 'matchstats.headers.tackles', 'stat': {'value': 0, 'type': 'integer'}}, 'Blocks': {'key': 'shot_blocks', 'stat': {'value': 0, 'type': 'integer'}}, 'Clearances': {'key': 'clearances', 'stat': {'value': 0, 'type': 'integer'}}, 'Interceptions': {'key': 'interceptions', 'stat': {'value': 0, 'type': 'integer'}}, 'Recoveries': {'key': 'recoveries', 'stat': {'value': 2, 'type': 'integer'}}, 'Dribbled past': {'key': 'dribbled_past', 'stat': {'value': 0, 'type': 'integer'}}}}, {'title': 'Duels', 'key': 'duels', 'stats': {'Ground duels won': {'key': 'ground_duels_won', 'stat': {'value': 3, 'total': 6, 'type': 'fractionWithPercentage'}}, 'Aerial duels won': {'key': 'aerials_won', 'stat': {'value': 0, 'total': 0, 'type': 'fractionWithPercentage'}}, 'Was fouled': {'key': 'was_fouled', 'stat': {'value': 1, 'type': 'integer'}}, 'Fouls committed': {'key': 'fouls', 'stat': {'value': 0, 'type': 'integer'}}, 'Duels won': {'key': 'duel_won', 'stat': {'value': 3, 'type': 'integer'}, 'hideInPopupCard': True}, 'Duels lost': {'key': 'duel_lost', 'stat': {'value': 3, 'type': 'integer'}, 'hideInPopupCard': True}}}]",18,,3,5261432,1,Barracas Central,213534,Vasco da Gama,10276,2026-04-07T22:00:00.000Z,0,0,6.84,20.0,0.0,0.0,,3.0,4.0,2.0,,,,0.0,15.0,1.0,,1.0,3.0,,,0.0,,,0.0,0.0,,0.0,2.0,0.0,3.0,3.0,3.0,6.0,0.0,0.0,1.0,0.0
Lucas Freitas,1224887,524404,10276,Vasco da Gama,False,"[{'title': 'Top stats', 'key': 'top_stats', 'stats': {'FotMob rating': {'key': 'rating_title', 'stat': {'value': 7.36, 'type': 'double'}}, 'Minutes played': {'key': 'minutes_played', 'stat': {'value': 90, 'type': 'integer'}}, 'Goals': {'key': 'goals', 'stat': {'value': 0, 'type': 'integer'}}, 'Assists': {'key': 'assists', 'stat': {'value': 0, 'type': 'integer'}}, 'Accurate passes': {'key': 'accurate_passes', 'stat': {'value': 78, 'total': 81, 'type': 'fractionWithPercentage'}}, 'Chances created': {'key': 'chances_created', 'stat': {'value': 1, 'type': 'integer'}}, 'Shotmap': {'key': None, 'stat': {'value': 0, 'type': 'boolean'}}, 'Defensive actions': {'key': 'defensive_actions', 'stat': {'value': 10, 'type': 'integer'}}}}, {'title': 'Attack', 'key': 'attack', 'stats': {'Touches': {'key': 'touches', 'stat': {'value': 97, 'type': 'integer'}}, 'Touches in opposition box': {'key': 'touches_opp_box', 'stat': {'value': 1, 'type': 'integer'}}, 'Successful dribbles': {'key': 'dribbles_succeeded', 'stat': {'value': 0, 'total': 1, 'type': 'fractionWithPercentage'}}, 'Passes into final third': {'key': 'passes_into_final_third', 'stat': {'value': 4, 'type': 'integer'}}, 'Accurate long balls': {'key': 'long_balls_accurate', 'stat': {'value': 6, 'total': 7, 'type': 'fractionWithPercentage'}}, 'Dispossessed': {'key': 'dispossessed', 'stat': {'value': 0, 'type': 'integer'}}}}, {'title': 'Defense', 'key': 'defense', 'stats': {'Defensive actions': {'key': 'defensive_actions', 'stat': {'value': 10, 'type': 'integer'}}, 'Tackles': {'key': 'matchstats.headers.tackles', 'stat': {'value': 1, 'type': 'integer'}}, 'Blocks': {'key': 'shot_blocks', 'stat': {'value': 1, 'type': 'integer'}}, 'Clearances': {'key': 'clearances', 'stat': {'value': 6, 'type': 'integer'}}, 'Headed clearance': {'key': 'headed_clearance', 'stat': {'value': 2, 'type': 'integer'}}, 'Interceptions': {'key': 'interceptions', 'stat': {'value': 2, 'type': 'integer'}}, 'Recoveries': {'key': 'recoveries', 'stat': {'value': 4, 'type': 'integer'}}, 'Dribbled past': {'key': 'dribbled_past', 'stat': {'value': 0, 'type': 'integer'}}}}, {'title': 'Duels', 'key': 'duels', 'stats': {'Ground duels won': {'key': 'ground_duels_won', 'stat': {'value': 1, 'total': 2, 'type': 'fractionWithPercentage'}}, 'Aerial duels won': {'key': 'aerials_won', 'stat': {'value': 1, 'total': 5, 'type': 'fractionWithPercentage'}}, 'Was fouled': {'key': 'was_fouled', 'stat': {'type': 'integer'}}, 'Fouls committed': {'key': 'fouls', 'stat': {'value': 0, 'type': 'integer'}}, 'Duels won': {'key': 'duel_won', 'stat': {'value': 2, 'type': 'integer'}, 'hideInPopupCard': True}, 'Duels lost': {'key': 'duel_lost', 'stat': {'value': 5, 'type': 'integer'}, 'hideInPopupCard': True}}}]",43,35,1,5261432,1,Barracas Central,213534,Vasco da Gama,10276,2026-04-07T22:00:00.000Z,0,0,7.36,90.0,0.0,0.0,,78.0,81.0,1.0,,,,10.0,97.0,1.0,4.0,,,6.0,7.0,0.0,,,1.0,6.0,2.0,2.0,4.0,0.0,2.0,5.0,1.0,2.0,1.0,5.0,,0.0
Manuel Duarte,1253932,536846,213534,Barracas Central,False,[],18,,3,5261432,1,Barracas Central,213534,Vasco da Gama,10276,2026-04-07T22:00:00.000Z,0,0,,,,,,,,,,,,,,,,,,,,,,,,,,,,,,,,,,,,
Adson,1255479,533195,10276,Vasco da Gama,False,"[{'title': 'Top stats', 'key': 'top_stats', 'stats': {'FotMob rating': {'key': 'rating_title', 'stat': {'value': 6.41, 'type': 'double'}}, 'Minutes played': {'key': 'minutes_played', 'stat': {'value': 20, 'type': 'integer'}}, 'Goals': {'key': 'goals', 'stat': {'value': 0, 'type': 'integer'}}, 'Assists': {'key': 'assists', 'stat': {'value': 0, 'type': 'integer'}}, 'Accurate passes': {'key': 'accurate_passes', 'stat': {'value': 12, 'total': 14, 'type': 'fractionWithPercentage'}}, 'Chances created': {'key': 'chances_created', 'stat': {'value': 1, 'type': 'integer'}}, 'Shots on target': {'key': 'ShotsOnTarget', 'stat': {'value': 0, 'type': 'integer'}}, 'Shots off target': {'key': 'ShotsOffTarget', 'stat': {'value': 1, 'type': 'integer'}}, 'Shot accuracy': {'key': 'shot_accuracy', 'stat': {'value': 0, 'total': 1, 'type': 'fractionWithPercentage'}}, 'Shotmap': {'key': None, 'stat': {'value': 1, 'type': 'boolean'}}, 'Defensive actions': {'key': 'defensive_actions', 'stat': {'value': 1, 'type': 'integer'}}}}, {'title': 'Attack', 'key': 'attack', 'stats': {'Touches': {'key': 'touches', 'stat': {'value': 17, 'type': 'integer'}}, 'Touches in opposition box': {'key': 'touches_opp_box', 'stat': {'value': 1, 'type': 'integer'}}, 'Passes into final third': {'key': 'passes_into_final_third', 'stat': {'value': 2, 'type': 'integer'}}, 'Dispossessed': {'key': 'dispossessed', 'stat': {'value': 1, 'type': 'integer'}}}}, {'title': 'Defense', 'key': 'defense', 'stats': {'Defensive actions': {'key': 'defensive_actions', 'stat': {'value': 1, 'type': 'integer'}}, 'Tackles': {'key': 'matchstats.headers.tackles', 'stat': {'value': 1, 'type': 'integer'}}, 'Blocks': {'key': 'shot_blocks', 'stat': {'value': 0, 'type': 'integer'}}, 'Clearances': {'key': 'clearances', 'stat': {'value': 0, 'type': 'integer'}}, 'Interceptions': {'key': 'interceptions', 'stat': {'value': 0, 'type': 'integer'}}, 'Recoveries': {'key': 'recoveries', 'stat': {'value': 3, 'type': 'integer'}}, 'Dribbled past': {'key': 'dribbled_past', 'stat': {'value': 0, 'type': 'integer'}}}}, {'title': 'Duels', 'key': 'duels', 'stats': {'Ground duels won': {'key': 'ground_duels_won', 'stat': {'value': 1, 'total': 2, 'type': 'fractionWithPercentage'}}, 'Aerial duels won': {'key': 'aerials_won', 'stat': {'value': 0, 'total': 0, 'type': 'fractionWithPercentage'}}, 'Was fouled': {'key': 'was_fouled', 'stat': {'type': 'integer'}}, 'Fouls committed': {'key': 'fouls', 'stat': {'value': 0, 'type': 'integer'}}, 'Duels won': {'key': 'duel_won', 'stat': {'value': 1, 'type': 'integer'}, 'hideInPopupCard': True}, 'Duels lost': {'key': 'duel_lost', 'stat': {'value': 1, 'type': 'integer'}, 'hideInPopupCard': True}}}]",28,,3,5261432,1,Barracas Central,213534,Vasco da Gama,10276,2026-04-07T22:00:00.000Z,0,0,6.41,20.0,0.0,0.0,,12.0,14.0,1.0,,,,1.0,17.0,1.0,2.0,,,,,1.0,,,0.0,0.0,,0.0,3.0,0.0,1.0,1.0,1.0,2.0,0.0,0.0,,0.0
Matheus França,1316124,536694,10276,Vasco da Gama,False,"[{'title': 'Top stats', 'key': 'top_stats', 'stats': {'FotMob rating': {'key': 'rating_title', 'stat': {'value': 6.53, 'type': 'double'}}, 'Minutes played': {'key': 'minutes_played', 'stat': {'value': 70, 'type': 'integer'}}, 'Goals': {'key': 'goals', 'stat': {'value': 0, 'type': 'integer'}}, 'Assists': {'key': 'assists', 'stat': {'value': 0, 'type': 'integer'}}, 'Accurate passes': {'key': 'accurate_passes', 'stat': {'value': 22, 'total': 25, 'type': 'fractionWithPercentage'}}, 'Chances created': {'key': 'chances_created', 'stat': {'value': 1, 'type': 'integer'}}, 'Shots on target': {'key': 'ShotsOnTarget', 'stat': {'value': 0, 'type': 'integer'}}, 'Shots off target': {'key': 'ShotsOffTarget', 'stat': {'value': 0, 'type': 'integer'}}, 'Blocked shots': {'key': 'blocked_shots', 'stat': {'value': 1, 'type': 'integer'}}, 'Shotmap': {'key': None, 'stat': {'value': 1, 'type': 'boolean'}}, 'Defensive actions': {'key': 'defensive_actions', 'stat': {'value': 2, 'type': 'integer'}}}}, {'title': 'Attack', 'key': 'attack', 'stats': {'Touches': {'key': 'touches', 'stat': {'value': 36, 'type': 'integer'}}, 'Touches in opposition box': {'key': 'touches_opp_box', 'stat': {'value': 0, 'type': 'integer'}}, 'Successful dribbles': {'key': 'dribbles_succeeded', 'stat': {'value': 1, 'total': 2, 'type': 'fractionWithPercentage'}}, 'Passes into final third': {'key': 'passes_into_final_third', 'stat': {'value': 3, 'type': 'integer'}}, 'Accurate crosses': {'key': 'accurate_crosses', 'stat': {'value': 1, 'total': 1, 'type': 'fractionWithPercentage'}}, 'Accurate long balls': {'key': 'long_balls_accurate', 'stat': {'value': 1, 'total': 3, 'type': 'fractionWithPercentage'}}, 'Dispossessed': {'key': 'dispossessed', 'stat': {'value': 1, 'type': 'integer'}}, 'Offsides': {'key': 'Offsides', 'stat': {'value': 1, 'type': 'integer'}}}}, {'title': 'Defense', 'key': 'defense', 'stats': {'Defensive actions': {'key': 'defensive_actions', 'stat': {'value': 2, 'type': 'integer'}}, 'Tackles': {'key': 'matchstats.headers.tackles', 'stat': {'value': 1, 'type': 'integer'}}, 'Blocks': {'key': 'shot_blocks', 'stat': {'value': 1, 'type': 'integer'}}, 'Clearances': {'key': 'clearances', 'stat': {'value': 0, 'type': 'integer'}}, 'Interceptions': {'key': 'interceptions', 'stat': {'value': 0, 'type': 'integer'}}, 'Recoveries': {'key': 'recoveries', 'stat': {'value': 4, 'type': 'integer'}}, 'Dribbled past': {'key': 'dribbled_past', 'stat': {'value': 0, 'type': 'integer'}}}}, {'title': 'Duels', 'key': 'duels', 'stats': {'Ground duels won': {'key': 'ground_duels_won', 'stat': {'value': 2, 'total': 4, 'type': 'fractionWithPercentage'}}, 'Aerial duels won': {'key': 'aerials_won', 'stat': {'value': 0, 'total': 0, 'type': 'fractionWithPercentage'}}, 'Was fouled': {'key': 'was_fouled', 'stat': {'type': 'integer'}}, 'Fouls committed': {'key': 'fouls', 'stat': {'value': 0, 'type': 'integer'}}, 'Duels won': {'key': 'duel_won', 'stat': {'value': 2, 'type': 'integer'}, 'hideInPopupCard': True}, 'Duels lost': {'key': 'duel_lost', 'stat': {'value': 2, 'type': 'integer'}, 'hideInPopupCard': True}}}]",9,103,3,5261432,1,Barracas Central,213534,Vasco da Gama,10276,2026-04-07T22:00:00.000Z,0,0,6.53,70.0,0.0,0.0,,22.0,25.0,1.0,,,,2.0,36.0,0.0,3.0,1.0,1.0,1.0,3.0,1.0,,,1.0,0.0,,0.0,4.0,0.0,2.0,2.0,2.0,4.0,0.0,0.0,,0.0
Maxi Puig,1336136,523774,213534,Barracas Central,False,"[{'title': 'Top stats', 'key': 'top_stats', 'stats': {'Minutes played': {'key': 'minutes_played', 'stat': {'value': 1, 'type': 'integer'}}, 'Goals': {'key': 'goals', 'stat': {'value': 0, 'type': 'integer'}}, 'Assists': {'key': 'assists', 'stat': {'value': 0, 'type': 'integer'}}, 'Accurate passes': {'key': 'accurate_passes', 'stat': {'value': 0, 'total': 0, 'type': 'fractionWithPercentage'}}, 'Chances created': {'key': 'chances_created', 'stat': {'value': 0, 'type': 'integer'}}, 'Shotmap': {'key': None, 'stat': {'value': 0, 'type': 'boolean'}}, 'Defensive actions': {'key': 'defensive_actions', 'stat': {'value': 0, 'type': 'integer'}}}}, {'title': 'Attack', 'key': 'attack', 'stats': {'Touches': {'key': 'touches', 'stat': {'value': 0, 'type': 'integer'}}, 'Touches in opposition box': {'key': 'touches_opp_box', 'stat': {'value': 0, 'type': 'integer'}}, 'Dispossessed': {'key': 'dispossessed', 'stat': {'value': 0, 'type': 'integer'}}}}, {'title': 'Defense', 'key': 'defense', 'stats': {'Defensive actions': {'key': 'defensive_actions', 'stat': {'value': 0, 'type': 'integer'}}, 'Tackles': {'key': 'matchstats.headers.tackles', 'stat': {'value': 0, 'type': 'integer'}}, 'Blocks': {'key': 'shot_blocks', 'stat': {'value': 0, 'type': 'integer'}}, 'Clearances': {'key': 'clearances', 'stat': {'value': 0, 'type': 'integer'}}, 'Interceptions': {'key': 'interceptions', 'stat': {'value': 0, 'type': 'integer'}}, 'Recoveries': {'key': 'recoveries', 'stat': {'value': 0, 'type': 'integer'}}, 'Dribbled past': {'key': 'dribbled_past', 'stat': {'value': 0, 'type': 'integer'}}}}, {'title': 'Duels', 'key': 'duels', 'stats': {'Ground duels won': {'key': 'ground_duels_won', 'stat': {'value': 0, 'total': 1, 'type': 'fractionWithPercentage'}}, 'Aerial duels won': {'key': 'aerials_won', 'stat': {'value': 0, 'total': 0, 'type': 'fractionWithPercentage'}}, 'Was fouled': {'key': 'was_fouled', 'stat': {'type': 'integer'}}, 'Fouls committed': {'key': 'fouls', 'stat': {'value': 1, 'type': 'integer'}}, 'Duels lost': {'key': 'duel_lost', 'stat': {'value': 1, 'type': 'integer'}, 'hideInPopupCard': True}}}]",79,,3,5261432,1,Barracas Central,213534,Vasco da Gama,10276,2026-04-07T22:00:00.000Z,0,0,,1.0,0.0,0.0,,0.0,0.0,0.0,,,,0.0,0.0,0.0,,,,,,0.0,,,0.0,0.0,,0.0,0.0,0.0,,1.0,0.0,1.0,0.0,0.0,,1.0
Gonzalo Morales,1408244,596587,213534,Barracas Central,False,"[{'title': 'Top stats', 'key': 'top_stats', 'stats': {'FotMob rating': {'key': 'rating_title', 'stat': {'value': 6.09, 'type': 'double'}}, 'Minutes played': {'key': 'minutes_played', 'stat': {'value': 45, 'type': 'integer'}}, 'Goals': {'key': 'goals', 'stat': {'value': 0, 'type': 'integer'}}, 'Assists': {'key': 'assists', 'stat': {'value': 0, 'type': 'integer'}}, 'Accurate passes': {'key': 'accurate_passes', 'stat': {'value': 2, 'total': 5, 'type': 'fractionWithPercentage'}}, 'Chances created': {'key': 'chances_created', 'stat': {'value': 2, 'type': 'integer'}}, 'Shots on target': {'key': 'ShotsOnTarget', 'stat': {'value': 0, 'type': 'integer'}}, 'Shots off target': {'key': 'ShotsOffTarget', 'stat': {'value': 1, 'type': 'integer'}}, 'Shot accuracy': {'key': 'shot_accuracy', 'stat': {'value': 0, 'total': 1, 'type': 'fractionWithPercentage'}}, 'Shotmap': {'key': None, 'stat': {'value': 1, 'type': 'boolean'}}, 'Defensive actions': {'key': 'defensive_actions', 'stat': {'value': 1, 'type': 'integer'}}}}, {'title': 'Attack', 'key': 'attack', 'stats': {'Touches': {'key': 'touches', 'stat': {'value': 13, 'type': 'integer'}}, 'Touches in opposition box': {'key': 'touches_opp_box', 'stat': {'value': 2, 'type': 'integer'}}, 'Successful dribbles': {'key': 'dribbles_succeeded', 'stat': {'value': 0, 'total': 1, 'type': 'fractionWithPercentage'}}, 'Passes into final third': {'key': 'passes_into_final_third', 'stat': {'value': 1, 'type': 'integer'}}, 'Dispossessed': {'key': 'dispossessed', 'stat': {'value': 0, 'type': 'integer'}}}}, {'title': 'Defense', 'key': 'defense', 'stats': {'Defensive actions': {'key': 'defensive_actions', 'stat': {'value': 1, 'type': 'integer'}}, 'Tackles': {'key': 'matchstats.headers.tackles', 'stat': {'value': 0, 'type': 'integer'}}, 'Blocks': {'key': 'shot_blocks', 'stat': {'value': 0, 'type': 'integer'}}, 'Clearances': {'key': 'clearances', 'stat': {'value': 1, 'type': 'integer'}}, 'Headed clearance': {'key': 'headed_clearance', 'stat': {'value': 1, 'type': 'integer'}}, 'Interceptions': {'key': 'interceptions', 'stat': {'value': 0, 'type': 'integer'}}, 'Recoveries': {'key': 'recoveries', 'stat': {'value': 0, 'type': 'integer'}}, 'Dribbled past': {'key': 'dribbled_past', 'stat': {'value': 0, 'type': 'integer'}}}}, {'title': 'Duels', 'key': 'duels', 'stats': {'Ground duels won': {'key': 'ground_duels_won', 'stat': {'value': 0, 'total': 1, 'type': 'fractionWithPercentage'}}, 'Aerial duels won': {'key': 'aerials_won', 'stat': {'value': 1, 'total': 4, 'type': 'fractionWithPercentage'}}, 'Was fouled': {'key': 'was_fouled', 'stat': {'type': 'integer'}}, 'Fouls committed': {'key': 'fouls', 'stat': {'value': 0, 'type': 'integer'}}, 'Duels won': {'key': 'duel_won', 'stat': {'value': 1, 'type': 'integer'}, 'hideInPopupCard': True}, 'Duels lost': {'key': 'duel_lost', 'stat': {'value': 4, 'type': 'integer'}, 'hideInPopupCard': True}}}]",9,104,3,5261432,1,Barracas Central,213534,Vasco da Gama,10276,2026-04-07T22:00:00.000Z,0,0,6.09,45.0,0.0,0.0,,2.0,5.0,2.0,,,,1.0,13.0,2.0,1.0,,,,,0.0,,,0.0,1.0,1.0,0.0,0.0,0.0,1.0,4.0,0.0,1.0,1.0,4.0,,0.0
Tomás Porra,1607377,533500,213534,Barracas Central,False,"[{'title': 'Top stats', 'key': 'top_stats', 'stats': {'FotMob rating': {'key': 'rating_title', 'stat': {'value': 7.2, 'type': 'double'}}, 'Minutes played': {'key': 'minutes_played', 'stat': {'value': 90, 'type': 'integer'}}, 'Goals': {'key': 'goals', 'stat': {'value': 0, 'type': 'integer'}}, 'Assists': {'key': 'assists', 'stat': {'value': 0, 'type': 'integer'}}, 'Accurate passes': {'key': 'accurate_passes', 'stat': {'value': 24, 'total': 33, 'type': 'fractionWithPercentage'}}, 'Chances created': {'key': 'chances_created', 'stat': {'value': 1, 'type': 'integer'}}, 'Shots on target': {'key': 'ShotsOnTarget', 'stat': {'value': 1, 'type': 'integer'}}, 'Shots off target': {'key': 'ShotsOffTarget', 'stat': {'value': 1, 'type': 'integer'}}, 'Blocked shots': {'key': 'blocked_shots', 'stat': {'value': 1, 'type': 'integer'}}, 'Shot accuracy': {'key': 'shot_accuracy', 'stat': {'value': 1, 'total': 2, 'type': 'fractionWithPercentage'}}, 'Shotmap': {'key': None, 'stat': {'value': 1, 'type': 'boolean'}}, 'Defensive actions': {'key': 'defensive_actions', 'stat': {'value': 5, 'type': 'integer'}}}}, {'title': 'Attack', 'key': 'attack', 'stats': {'Touches': {'key': 'touches', 'stat': {'value': 57, 'type': 'integer'}}, 'Touches in opposition box': {'key': 'touches_opp_box', 'stat': {'value': 2, 'type': 'integer'}}, 'Successful dribbles': {'key': 'dribbles_succeeded', 'stat': {'value': 1, 'total': 3, 'type': 'fractionWithPercentage'}}, 'Passes into final third': {'key': 'passes_into_final_third', 'stat': {'value': 10, 'type': 'integer'}}, 'Accurate crosses': {'key': 'accurate_crosses', 'stat': {'value': 2, 'total': 3, 'type': 'fractionWithPercentage'}}, 'Accurate long balls': {'key': 'long_balls_accurate', 'stat': {'value': 2, 'total': 4, 'type': 'fractionWithPercentage'}}, 'Dispossessed': {'key': 'dispossessed', 'stat': {'value': 2, 'type': 'integer'}}}}, {'title': 'Defense', 'key': 'defense', 'stats': {'Defensive actions': {'key': 'defensive_actions', 'stat': {'value': 5, 'type': 'integer'}}, 'Tackles': {'key': 'matchstats.headers.tackles', 'stat': {'value': 3, 'type': 'integer'}}, 'Blocks': {'key': 'shot_blocks', 'stat': {'value': 0, 'type': 'integer'}}, 'Clearances': {'key': 'clearances', 'stat': {'value': 1, 'type': 'integer'}}, 'Interceptions': {'key': 'interceptions', 'stat': {'value': 1, 'type': 'integer'}}, 'Recoveries': {'key': 'recoveries', 'stat': {'value': 10, 'type': 'integer'}}, 'Dribbled past': {'key': 'dribbled_past', 'stat': {'value': 3, 'type': 'integer'}}}}, {'title': 'Duels', 'key': 'duels', 'stats': {'Ground duels won': {'key': 'ground_duels_won', 'stat': {'value': 6, 'total': 14, 'type': 'fractionWithPercentage'}}, 'Aerial duels won': {'key': 'aerials_won', 'stat': {'value': 1, 'total': 3, 'type': 'fractionWithPercentage'}}, 'Was fouled': {'key': 'was_fouled', 'stat': {'value': 2, 'type': 'integer'}}, 'Fouls committed': {'key': 'fouls', 'stat': {'value': 1, 'type': 'integer'}}, 'Duels won': {'key': 'duel_won', 'stat': {'value': 7, 'type': 'integer'}, 'hideInPopupCard': True}, 'Duels lost': {'key': 'duel_lost', 'stat': {'value': 10, 'type': 'integer'}, 'hideInPopupCard': True}}}]",8,73,2,5261432,1,Barracas Central,213534,Vasco da Gama,10276,2026-04-07T22:00:00.000Z,0,0,7.2,90.0,0.0,0.0,,24.0,33.0,1.0,,,,5.0,57.0,2.0,10.0,2.0,3.0,2.0,4.0,2.0,,,0.0,1.0,,1.0,10.0,3.0,7.0,10.0,6.0,14.0,1.0,3.0,2.0,1.0
Pablo,1635399,646272,10276,Vasco da Gama,True,[],37,,0,5261432,1,Barracas Central,213534,Vasco da Gama,10276,2026-04-07T22:00:00.000Z,0,0,,,,,,,,,,,,,,,,,,,,,,,,,,,,,,,,,,,,
João Pedro,1637671,646271,10276,Vasco da Gama,False,"[{'title': 'Top stats', 'key': 'top_stats', 'stats': {'FotMob rating': {'key': 'rating_title', 'stat': {'value': 7.39, 'type': 'double'}}, 'Minutes played': {'key': 'minutes_played', 'stat': {'value': 90, 'type': 'integer'}}, 'Goals': {'key': 'goals', 'stat': {'value': 0, 'type': 'integer'}}, 'Assists': {'key': 'assists', 'stat': {'value': 0, 'type': 'integer'}}, 'Accurate passes': {'key': 'accurate_passes', 'stat': {'value': 58, 'total': 66, 'type': 'fractionWithPercentage'}}, 'Chances created': {'key': 'chances_created', 'stat': {'value': 1, 'type': 'integer'}}, 'Shots on target': {'key': 'ShotsOnTarget', 'stat': {'value': 0, 'type': 'integer'}}, 'Shots off target': {'key': 'ShotsOffTarget', 'stat': {'value': 1, 'type': 'integer'}}, 'Blocked shots': {'key': 'blocked_shots', 'stat': {'value': 3, 'type': 'integer'}}, 'Shot accuracy': {'key': 'shot_accuracy', 'stat': {'value': 0, 'total': 1, 'type': 'fractionWithPercentage'}}, 'Shotmap': {'key': None, 'stat': {'value': 1, 'type': 'boolean'}}, 'Defensive actions': {'key': 'defensive_actions', 'stat': {'value': 5, 'type': 'integer'}}}}, {'title': 'Attack', 'key': 'attack', 'stats': {'Touches': {'key': 'touches', 'stat': {'value': 92, 'type': 'integer'}}, 'Touches in opposition box': {'key': 'touches_opp_box', 'stat': {'value': 4, 'type': 'integer'}}, 'Successful dribbles': {'key': 'dribbles_succeeded', 'stat': {'value': 2, 'total': 4, 'type': 'fractionWithPercentage'}}, 'Passes into final third': {'key': 'passes_into_final_third', 'stat': {'value': 7, 'type': 'integer'}}, 'Accurate long balls': {'key': 'long_balls_accurate', 'stat': {'value': 4, 'total': 6, 'type': 'fractionWithPercentage'}}, 'Dispossessed': {'key': 'dispossessed', 'stat': {'value': 3, 'type': 'integer'}}}}, {'title': 'Defense', 'key': 'defense', 'stats': {'Defensive actions': {'key': 'defensive_actions', 'stat': {'value': 5, 'type': 'integer'}}, 'Tackles': {'key': 'matchstats.headers.tackles', 'stat': {'value': 3, 'type': 'integer'}}, 'Blocks': {'key': 'shot_blocks', 'stat': {'value': 0, 'type': 'integer'}}, 'Clearances': {'key': 'clearances', 'stat': {'value': 1, 'type': 'integer'}}, 'Interceptions': {'key': 'interceptions', 'stat': {'value': 1, 'type': 'integer'}}, 'Recoveries': {'key': 'recoveries', 'stat': {'value': 9, 'type': 'integer'}}, 'Dribbled past': {'key': 'dribbled_past', 'stat': {'value': 0, 'type': 'integer'}}}}, {'title': 'Duels', 'key': 'duels', 'stats': {'Ground duels won': {'key': 'ground_duels_won', 'stat': {'value': 8, 'total': 14, 'type': 'fractionWithPercentage'}}, 'Aerial duels won': {'key': 'aerials_won', 'stat': {'value': 0, 'total': 2, 'type': 'fractionWithPercentage'}}, 'Was fouled': {'key': 'was_fouled', 'stat': {'value': 3, 'type': 'integer'}}, 'Fouls committed': {'key': 'fouls', 'stat': {'value': 1, 'type': 'integer'}}, 'Duels won': {'key': 'duel_won', 'stat': {'value': 8, 'type': 'integer'}, 'hideInPopupCard': True}, 'Duels lost': {'key': 'duel_lost', 'stat': {'value': 8, 'type': 'integer'}, 'hideInPopupCard': True}}}]",98,74,2,5261432,1,Barracas Central,213534,Vasco da Gama,10276,2026-04-07T22:00:00.000Z,0,0,7.39,90.0,0.0,0.0,,58.0,66.0,1.0,,,,5.0,92.0,4.0,7.0,,,4.0,6.0,3.0,,,0.0,1.0,,1.0,9.0,0.0,8.0,8.0,8.0,14.0,0.0,2.0,3.0,1.0
Iván Guaraz,1700213,681530,213534,Barracas Central,False,[],16,,2,5261432,1,Barracas Central,213534,Vasco da Gama,10276,2026-04-07T22:00:00.000Z,0,0,,,,,,,,,,,,,,,,,,,,,,,,,,,,,,,,,,,,
Walace Falcão,1708455,683181,10276,Vasco da Gama,False,"[{'title': 'Top stats', 'key': 'top_stats', 'stats': {'FotMob rating': {'key': 'rating_title', 'stat': {'value': 7.52, 'type': 'double'}}, 'Minutes played': {'key': 'minutes_played', 'stat': {'value': 90, 'type': 'integer'}}, 'Goals': {'key': 'goals', 'stat': {'value': 0, 'type': 'integer'}}, 'Assists': {'key': 'assists', 'stat': {'value': 0, 'type': 'integer'}}, 'Accurate passes': {'key': 'accurate_passes', 'stat': {'value': 54, 'total': 61, 'type': 'fractionWithPercentage'}}, 'Chances created': {'key': 'chances_created', 'stat': {'value': 1, 'type': 'integer'}}, 'Shotmap': {'key': None, 'stat': {'value': 0, 'type': 'boolean'}}, 'Defensive actions': {'key': 'defensive_actions', 'stat': {'value': 10, 'type': 'integer'}}}}, {'title': 'Attack', 'key': 'attack', 'stats': {'Touches': {'key': 'touches', 'stat': {'value': 77, 'type': 'integer'}}, 'Touches in opposition box': {'key': 'touches_opp_box', 'stat': {'value': 0, 'type': 'integer'}}, 'Passes into final third': {'key': 'passes_into_final_third', 'stat': {'value': 3, 'type': 'integer'}}, 'Accurate long balls': {'key': 'long_balls_accurate', 'stat': {'value': 2, 'total': 6, 'type': 'fractionWithPercentage'}}, 'Dispossessed': {'key': 'dispossessed', 'stat': {'value': 0, 'type': 'integer'}}}}, {'title': 'Defense', 'key': 'defense', 'stats': {'Defensive actions': {'key': 'defensive_actions', 'stat': {'value': 10, 'type': 'integer'}}, 'Tackles': {'key': 'matchstats.headers.tackles', 'stat': {'value': 2, 'type': 'integer'}}, 'Blocks': {'key': 'shot_blocks', 'stat': {'value': 0, 'type': 'integer'}}, 'Clearances': {'key': 'clearances', 'stat': {'value': 8, 'type': 'integer'}}, 'Headed clearance': {'key': 'headed_clearance', 'stat': {'value': 6, 'type': 'integer'}}, 'Interceptions': {'key': 'interceptions', 'stat': {'value': 0, 'type': 'integer'}}, 'Recoveries': {'key': 'recoveries', 'stat': {'value': 1, 'type': 'integer'}}, 'Dribbled past': {'key': 'dribbled_past', 'stat': {'value': 1, 'type': 'integer'}}}}, {'title': 'Duels', 'key': 'duels', 'stats': {'Ground duels won': {'key': 'ground_duels_won', 'stat': {'value': 2, 'total': 3, 'type': 'fractionWithPercentage'}}, 'Aerial duels won': {'key': 'aerials_won', 'stat': {'value': 5, 'total': 6, 'type': 'fractionWithPercentage'}}, 'Was fouled': {'key': 'was_fouled', 'stat': {'type': 'integer'}}, 'Fouls committed': {'key': 'fouls', 'stat': {'value': 0, 'type': 'integer'}}, 'Duels won': {'key': 'duel_won', 'stat': {'value': 7, 'type': 'integer'}, 'hideInPopupCard': True}, 'Duels lost': {'key': 'duel_lost', 'stat': {'value': 2, 'type': 'integer'}, 'hideInPopupCard': True}}}]",64,37,1,5261432,1,Barracas Central,213534,Vasco da Gama,10276,2026-04-07T22:00:00.000Z,0,0,7.52,90.0,0.0,0.0,,54.0,61.0,1.0,,,,10.0,77.0,0.0,3.0,,,2.0,6.0,0.0,,,0.0,8.0,6.0,0.0,1.0,1.0,7.0,2.0,2.0,3.0,5.0,6.0,,0.0
Enzo Taborda,1709488,684578,213534,Barracas Central,False,[],24,,3,5261432,1,Barracas Central,213534,Vasco da Gama,10276,2026-04-07T22:00:00.000Z,0,0,,,,,,,,,,,,,,,,,,,,,,,,,,,,,,,,,,,,
Lukas Zuccarello,1744378,646442,10276,Vasco da Gama,False,"[{'title': 'Top stats', 'key': 'top_stats', 'stats': {'Minutes played': {'key': 'minutes_played', 'stat': {'value': 8, 'type': 'integer'}}, 'Goals': {'key': 'goals', 'stat': {'value': 0, 'type': 'integer'}}, 'Assists': {'key': 'assists', 'stat': {'value': 0, 'type': 'integer'}}, 'Accurate passes': {'key': 'accurate_passes', 'stat': {'value': 7, 'total': 8, 'type': 'fractionWithPercentage'}}, 'Chances created': {'key': 'chances_created', 'stat': {'value': 0, 'type': 'integer'}}, 'Shots on target': {'key': 'ShotsOnTarget', 'stat': {'value': 1, 'type': 'integer'}}, 'Shots off target': {'key': 'ShotsOffTarget', 'stat': {'value': 0, 'type': 'integer'}}, 'Shot accuracy': {'key': 'shot_accuracy', 'stat': {'value': 1, 'total': 1, 'type': 'fractionWithPercentage'}}, 'Shotmap': {'key': None, 'stat': {'value': 1, 'type': 'boolean'}}, 'Defensive actions': {'key': 'defensive_actions', 'stat': {'value': 0, 'type': 'integer'}}}}, {'title': 'Attack', 'key': 'attack', 'stats': {'Touches': {'key': 'touches', 'stat': {'value': 14, 'type': 'integer'}}, 'Touches in opposition box': {'key': 'touches_opp_box', 'stat': {'value': 0, 'type': 'integer'}}, 'Passes into final third': {'key': 'passes_into_final_third', 'stat': {'value': 1, 'type': 'integer'}}, 'Accurate crosses': {'key': 'accurate_crosses', 'stat': {'value': 0, 'total': 2, 'type': 'fractionWithPercentage'}}, 'Dispossessed': {'key': 'dispossessed', 'stat': {'value': 0, 'type': 'integer'}}}}, {'title': 'Defense', 'key': 'defense', 'stats': {'Defensive actions': {'key': 'defensive_actions', 'stat': {'value': 0, 'type': 'integer'}}, 'Tackles': {'key': 'matchstats.headers.tackles', 'stat': {'value': 0, 'type': 'integer'}}, 'Blocks': {'key': 'shot_blocks', 'stat': {'value': 0, 'type': 'integer'}}, 'Clearances': {'key': 'clearances', 'stat': {'value': 0, 'type': 'integer'}}, 'Interceptions': {'key': 'interceptions', 'stat': {'value': 0, 'type': 'integer'}}, 'Recoveries': {'key': 'recoveries', 'stat': {'value': 0, 'type': 'integer'}}, 'Dribbled past': {'key': 'dribbled_past', 'stat': {'value': 0, 'type': 'integer'}}}}, {'title': 'Duels', 'key': 'duels', 'stats': {'Ground duels won': {'key': 'ground_duels_won', 'stat': {'value': 0, 'total': 1, 'type': 'fractionWithPercentage'}}, 'Aerial duels won': {'key': 'aerials_won', 'stat': {'value': 0, 'total': 1, 'type': 'fractionWithPercentage'}}, 'Was fouled': {'key': 'was_fouled', 'stat': {'type': 'integer'}}, 'Fouls committed': {'key': 'fouls', 'stat': {'value': 1, 'type': 'integer'}}, 'Duels lost': {'key': 'duel_lost', 'stat': {'value': 2, 'type': 'integer'}, 'hideInPopupCard': True}}}]",86,,2,5261432,1,Barracas Central,213534,Vasco da Gama,10276,2026-04-07T22:00:00.000Z,0,0,,8.0,0.0,0.0,,7.0,8.0,0.0,,,,0.0,14.0,0.0,1.0,0.0,2.0,,,0.0,,,0.0,0.0,,0.0,0.0,0.0,,2.0,0.0,1.0,0.0,1.0,,1.0
Riquelme Avellar,1748487,683510,10276,Vasco da Gama,False,"[{'title': 'Top stats', 'key': 'top_stats', 'stats': {'FotMob rating': {'key': 'rating_title', 'stat': {'value': 6.84, 'type': 'double'}}, 'Minutes played': {'key': 'minutes_played', 'stat': {'value': 70, 'type': 'integer'}}, 'Goals': {'key': 'goals', 'stat': {'value': 0, 'type': 'integer'}}, 'Assists': {'key': 'assists', 'stat': {'value': 0, 'type': 'integer'}}, 'Accurate passes': {'key': 'accurate_passes', 'stat': {'value': 18, 'total': 26, 'type': 'fractionWithPercentage'}}, 'Chances created': {'key': 'chances_created', 'stat': {'value': 0, 'type': 'integer'}}, 'Shots on target': {'key': 'ShotsOnTarget', 'stat': {'value': 1, 'type': 'integer'}}, 'Shots off target': {'key': 'ShotsOffTarget', 'stat': {'value': 1, 'type': 'integer'}}, 'Shot accuracy': {'key': 'shot_accuracy', 'stat': {'value': 1, 'total': 2, 'type': 'fractionWithPercentage'}}, 'Shotmap': {'key': None, 'stat': {'value': 1, 'type': 'boolean'}}, 'Defensive actions': {'key': 'defensive_actions', 'stat': {'value': 8, 'type': 'integer'}}}}, {'title': 'Attack', 'key': 'attack', 'stats': {'Big chances missed': {'key': 'big_chance_missed_title', 'stat': {'value': 1, 'type': 'integer'}}, 'Touches': {'key': 'touches', 'stat': {'value': 50, 'type': 'integer'}}, 'Touches in opposition box': {'key': 'touches_opp_box', 'stat': {'value': 2, 'type': 'integer'}}, 'Successful dribbles': {'key': 'dribbles_succeeded', 'stat': {'value': 1, 'total': 2, 'type': 'fractionWithPercentage'}}, 'Accurate long balls': {'key': 'long_balls_accurate', 'stat': {'value': 0, 'total': 5, 'type': 'fractionWithPercentage'}}, 'Corners': {'key': 'corners', 'stat': {'value': 2, 'type': 'integer'}}, 'Dispossessed': {'key': 'dispossessed', 'stat': {'value': 1, 'type': 'integer'}}}}, {'title': 'Defense', 'key': 'defense', 'stats': {'Defensive actions': {'key': 'defensive_actions', 'stat': {'value': 8, 'type': 'integer'}}, 'Tackles': {'key': 'matchstats.headers.tackles', 'stat': {'value': 3, 'type': 'integer'}}, 'Blocks': {'key': 'shot_blocks', 'stat': {'value': 1, 'type': 'integer'}}, 'Clearances': {'key': 'clearances', 'stat': {'value': 3, 'type': 'integer'}}, 'Interceptions': {'key': 'interceptions', 'stat': {'value': 1, 'type': 'integer'}}, 'Recoveries': {'key': 'recoveries', 'stat': {'value': 4, 'type': 'integer'}}, 'Dribbled past': {'key': 'dribbled_past', 'stat': {'value': 2, 'type': 'integer'}}}}, {'title': 'Duels', 'key': 'duels', 'stats': {'Ground duels won': {'key': 'ground_duels_won', 'stat': {'value': 5, 'total': 9, 'type': 'fractionWithPercentage'}}, 'Aerial duels won': {'key': 'aerials_won', 'stat': {'value': 1, 'total': 2, 'type': 'fractionWithPercentage'}}, 'Was fouled': {'key': 'was_fouled', 'stat': {'value': 1, 'type': 'integer'}}, 'Fouls committed': {'key': 'fouls', 'stat': {'value': 0, 'type': 'integer'}}, 'Duels won': {'key': 'duel_won', 'stat': {'value': 6, 'type': 'integer'}, 'hideInPopupCard': True}, 'Duels lost': {'key': 'duel_lost', 'stat': {'value': 5, 'type': 'integer'}, 'hideInPopupCard': True}}}]",82,78,1,5261432,1,Barracas Central,213534,Vasco da Gama,10276,2026-04-07T22:00:00.000Z,0,0,6.84,70.0,0.0,0.0,,18.0,26.0,0.0,,,,8.0,50.0,2.0,,,,0.0,5.0,1.0,,,1.0,3.0,,1.0,4.0,2.0,6.0,5.0,5.0,9.0,1.0,2.0,1.0,0.0
Breno Vereza,1785964,693660,10276,Vasco da Gama,False,[],87,,1,5261432,1,Barracas Central,213534,Vasco da Gama,10276,2026-04-07T22:00:00.000Z,0,0,,,,,,,,,,,,,,,,,,,,,,,,,,,,,,,,,,,,
Bruno André,1806130,706586,10276,Vasco da Gama,False,[],80,,1,5261432,1,Barracas Central,213534,Vasco da Gama,10276,2026-04-07T22:00:00.000Z,0,0,,,,,,,,,,,,,,,,,,,,,,,,,,,,,,,,,,,,
Andrey Fernandes,1899336,692648,10276,Vasco da Gama,False,[],74,,3,5261432,1,Barracas Central,213534,Vasco da Gama,10276,2026-04-07T22:00:00.000Z,0,0,,,,,,,,,,,,,,,,,,,,,,,,,,,,,,,,,,,,
Jotavve Fonseca,1946081,726709,10276,Vasco da Gama,False,[],60,,1,5261432,1,Barracas Central,213534,Vasco da Gama,10276,2026-04-07T22:00:00.000Z,0,0,,,,,,,,,,,,,,,,,,,,,,,,,,,,,,,,,,,,
Gustavo Guimarães,1950784,737090,10276,Vasco da Gama,False,[],50,,2,5261432,1,Barracas Central,213534,Vasco da Gama,10276,2026-04-07T22:00:00.000Z,0,0,,,,,,,,,,,,,,,,,,,,,,,,,,,,,,,,,,,,
Alison,1950786,683169,10276,Vasco da Gama,False,[],54,,1,5261432,1,Barracas Central,213534,Vasco da Gama,10276,2026-04-07T22:00:00.000Z,0,0,,,,,,,,,,,,,,,,,,,,,,,,,,,,,,,,,,,,
Ramon Rique,1950789,693671,10276,Vasco da Gama,False,[],83,,2,5261432,1,Barracas Central,213534,Vasco da Gama,10276,2026-04-07T22:00:00.000Z,0,0,,,,,,,,,,,,,,,,,,,,,,,,,,,,,,,,,,,,
Samuel,1950794,737099,10276,Vasco da Gama,False,[],67,,2,5261432,1,Barracas Central,213534,Vasco da Gama,10276,2026-04-07T22:00:00.000Z,0,0,,,,,,,,,,,,,,,,,,,,,,,,,,,,,,,,,,,,
